"","y_dates","X0.00275123724713922"
"1","12/3/1993",0.00275123724713922
"2","19/3/1993",0.00333048100583255
"3","26/3/1993",0.00497527979314327
"4","2/4/1993",0.00331492954865098
"5","9/4/1993",0.00273418938741088
"6","16/4/1993",0.00484827067703009
"7","23/4/1993",0.00275070848874748
"8","30/4/1993",0.0030994494445622
"9","7/5/1993",0.00273611559532583
"10","14/5/1993",0.00290248007513583
"11","21/5/1993",0.00464447261765599
"12","28/5/1993",0.00784668046981096
"13","4/6/1993",0.0031343218870461
"14","11/6/1993",0.00438419077545404
"15","18/6/1993",0.00273245153948665
"16","25/6/1993",0.00271877995692194
"17","2/7/1993",0.00271508609876037
"18","9/7/1993",0.00270997802726924
"19","16/7/1993",0.00463128508999944
"20","23/7/1993",0.00315468246117234
"21","30/7/1993",0.00269907806068659
"22","6/8/1993",0.00269548525102437
"23","13/8/1993",0.00314251659438014
"24","20/8/1993",0.00367548502981663
"25","27/8/1993",0.00413052411749959
"26","3/9/1993",0.00334728043526411
"27","10/9/1993",0.00312221143394709
"28","17/9/1993",0.00411539198830724
"29","24/9/1993",0.0327008739113808
"30","1/10/1993",0.0303750857710838
"31","8/10/1993",0.0373963005840778
"32","15/10/1993",0.0286913719028234
"33","22/10/1993",0.0342712849378586
"34","29/10/1993",0.0126408766955137
"35","5/11/1993",0.00863019376993179
"36","12/11/1993",0.0251608528196812
"37","19/11/1993",0.0161951277405024
"38","26/11/1993",0.0106514152139425
"39","3/12/1993",0.0176681242883205
"40","10/12/1993",0.00604759994894266
"41","17/12/1993",0.00662176311016083
"42","24/12/1993",0.014630202203989
"43","31/12/1993",0.00545503571629524
"44","7/1/1994",0.00569843174889684
"45","14/1/1994",0.00387689890339971
"46","21/1/1994",0.0194787755608559
"47","28/1/1994",0.0207400377839804
"48","4/2/1994",0.00446012569591403
"49","11/2/1994",0.00999433640390635
"50","18/2/1994",0.00320528401061893
"51","25/2/1994",0.00445920275524259
"52","4/3/1994",0.0257746670395136
"53","11/3/1994",0.0631255805492401
"54","18/3/1994",0.0249170493334532
"55","25/3/1994",0.0352745056152344
"56","1/4/1994",0.0190420038998127
"57","8/4/1994",0.00471340259537101
"58","15/4/1994",0.021521121263504
"59","22/4/1994",0.00517536560073495
"60","29/4/1994",0.00346914399415255
"61","6/5/1994",0.015101408585906
"62","13/5/1994",0.0078798895701766
"63","20/5/1994",0.0117578022181988
"64","27/5/1994",0.00587622541934252
"65","3/6/1994",0.00788608007133007
"66","10/6/1994",0.0102495886385441
"67","17/6/1994",0.00668902602046728
"68","24/6/1994",0.0103664584457874
"69","1/7/1994",0.0128848301246762
"70","8/7/1994",0.00368094234727323
"71","15/7/1994",0.00521037122234702
"72","22/7/1994",0.00440228823572397
"73","29/7/1994",0.0135905025526881
"74","5/8/1994",0.00438418658450246
"75","12/8/1994",0.00437486171722412
"76","19/8/1994",0.00697500258684158
"77","26/8/1994",0.00436269259080291
"78","2/9/1994",0.0104997819289565
"79","9/9/1994",0.0102976420894265
"80","16/9/1994",0.00785690359771252
"81","23/9/1994",0.00371536333113909
"82","30/9/1994",0.00604287208989263
"83","7/10/1994",0.00602668011561036
"84","14/10/1994",0.0127546535804868
"85","21/10/1994",0.00498427450656891
"86","28/10/1994",0.0187043733894825
"87","4/11/1994",0.0220394264906645
"88","11/11/1994",0.0226116515696049
"89","18/11/1994",0.0047663226723671
"90","25/11/1994",0.00964368414133787
"91","2/12/1994",0.0190215464681387
"92","9/12/1994",0.0142590468749404
"93","16/12/1994",0.00837977975606918
"94","23/12/1994",0.00781632121652365
"95","30/12/1994",0.00645639235153794
"96","6/1/1995",0.00623281486332417
"97","13/1/1995",0.00373889110051095
"98","20/1/1995",0.00373576791025698
"99","27/1/1995",0.0051543926820159
"100","3/2/1995",0.00514104962348938
"101","10/2/1995",0.00513076083734632
"102","17/2/1995",0.00398724526166916
"103","24/2/1995",0.00506944162771106
"104","3/3/1995",0.00429319916293025
"105","10/3/1995",0.00235080043785274
"106","17/3/1995",0.00234823417849839
"107","24/3/1995",0.00394530734047294
"108","31/3/1995",0.00434771459549665
"109","7/4/1995",0.00235962029546499
"110","14/4/1995",0.0108810290694237
"111","21/4/1995",0.00349997100420296
"112","28/4/1995",0.00573898991569877
"113","5/5/1995",0.0321801155805588
"114","12/5/1995",0.0406548380851746
"115","19/5/1995",0.0380171351134777
"116","26/5/1995",0.0441453605890274
"117","2/6/1995",0.0213247872889042
"118","9/6/1995",0.0340663306415081
"119","16/6/1995",0.0315406769514084
"120","23/6/1995",0.0125371254980564
"121","30/6/1995",0.00418055849149823
"122","7/7/1995",0.00497848866507411
"123","14/7/1995",0.00583076011389494
"124","21/7/1995",0.00818427465856075
"125","28/7/1995",0.0078677199780941
"126","4/8/1995",0.00421645678579807
"127","11/8/1995",0.0108967293053865
"128","18/8/1995",0.00475104711949825
"129","25/8/1995",0.0287834145128727
"130","1/9/1995",0.0198279842734337
"131","8/9/1995",0.0193077605217695
"132","15/9/1995",0.0234837029129267
"133","22/9/1995",0.0284340102225542
"134","29/9/1995",0.00735560012981296
"135","6/10/1995",0.00876743998378515
"136","13/10/1995",0.020419966429472
"137","20/10/1995",0.00714304950088263
"138","27/10/1995",0.0079471580684185
"139","3/11/1995",0.00938378740102053
"140","10/11/1995",0.00554546061903238
"141","17/11/1995",0.0136848045513034
"142","24/11/1995",0.00339730293489993
"143","1/12/1995",0.0042671300470829
"144","8/12/1995",0.010866136290133
"145","15/12/1995",0.00676478631794453
"146","22/12/1995",0.0145735582336783
"147","29/12/1995",0.00442986050620675
"148","5/1/1996",0.00350947165861726
"149","12/1/1996",0.013201342895627
"150","19/1/1996",0.00882968585938215
"151","26/1/1996",0.00739638414233923
"152","2/2/1996",0.00730853248387575
"153","9/2/1996",0.00506844604387879
"154","16/2/1996",0.011556182987988
"155","23/2/1996",0.0129330065101385
"156","1/3/1996",0.00806824769824743
"157","8/3/1996",0.00876237358897924
"158","15/3/1996",0.0064280298538506
"159","22/3/1996",0.00637106457725167
"160","29/3/1996",0.0103468662127852
"161","5/4/1996",0.00544348126277328
"162","12/4/1996",0.00353012140840292
"163","19/4/1996",0.00669752154499292
"164","26/4/1996",0.00668305344879627
"165","3/5/1996",0.00459901243448257
"166","10/5/1996",0.00455946708098054
"167","17/5/1996",0.0105065116658807
"168","24/5/1996",0.00619909726083279
"169","31/5/1996",0.0117250690236688
"170","7/6/1996",0.00613766768947244
"171","14/6/1996",0.00801226310431957
"172","21/6/1996",0.00946599803864956
"173","28/6/1996",0.00774604547768831
"174","5/7/1996",0.00537442369386554
"175","12/7/1996",0.00944452546536922
"176","19/7/1996",0.0077372589148581
"177","26/7/1996",0.00649592792615294
"178","2/8/1996",0.00527376122772694
"179","9/8/1996",0.00524326413869858
"180","16/8/1996",0.00676256325095892
"181","23/8/1996",0.00349265453405678
"182","30/8/1996",0.00411967607215047
"183","6/9/1996",0.00398258026689291
"184","13/9/1996",0.00481070438399911
"185","20/9/1996",0.00639549503102899
"186","27/9/1996",0.0142019502818584
"187","4/10/1996",0.0141807897016406
"188","11/10/1996",0.0084844809025526
"189","18/10/1996",0.0338047109544277
"190","25/10/1996",0.00867930799722672
"191","1/11/1996",0.00390269281342626
"192","8/11/1996",0.00967553816735744
"193","15/11/1996",0.0213537253439426
"194","22/11/1996",0.0176308639347553
"195","29/11/1996",0.0142911272123456
"196","6/12/1996",0.0134561350569129
"197","13/12/1996",0.0151382405310869
"198","20/12/1996",0.00752005912363529
"199","27/12/1996",0.0172547642141581
"200","3/1/1997",0.00765939196571708
"201","10/1/1997",0.0103039080277085
"202","17/1/1997",0.00727928848937154
"203","24/1/1997",0.0151807125657797
"204","31/1/1997",0.00608611153438687
"205","7/2/1997",0.00397569546476007
"206","14/2/1997",0.00803237874060869
"207","21/2/1997",0.0131276752799749
"208","28/2/1997",0.00830737501382828
"209","7/3/1997",0.00890710204839706
"210","14/3/1997",0.0202086586505175
"211","21/3/1997",0.0179615318775177
"212","28/3/1997",0.0171680338680744
"213","4/4/1997",0.0246804710477591
"214","11/4/1997",0.0926106572151184
"215","18/4/1997",0.00838669296354055
"216","25/4/1997",0.0163752380758524
"217","2/5/1997",0.0168694593012333
"218","9/5/1997",0.00362828699871898
"219","16/5/1997",0.00421982957050204
"220","23/5/1997",0.00356749398633838
"221","30/5/1997",0.0113994404673576
"222","6/6/1997",0.0139044774696231
"223","13/6/1997",0.0031990862917155
"224","20/6/1997",0.00319266808219254
"225","27/6/1997",0.0375204049050808
"226","4/7/1997",0.0262836646288633
"227","11/7/1997",0.00986198801547289
"228","18/7/1997",0.011783660389483
"229","25/7/1997",0.00416012993082404
"230","1/8/1997",0.00578944478183985
"231","8/8/1997",0.00919861625880003
"232","15/8/1997",0.00475955288857222
"233","22/8/1997",0.00820501614362001
"234","29/8/1997",0.00476513709872961
"235","5/9/1997",0.0093015544116497
"236","12/9/1997",0.00963989645242691
"237","19/9/1997",0.00867529679089785
"238","26/9/1997",0.00670243753120303
"239","3/10/1997",0.00935919675976038
"240","10/10/1997",0.00505669834092259
"241","17/10/1997",0.00550270220264792
"242","24/10/1997",0.00534876808524132
"243","31/10/1997",0.0177438445389271
"244","7/11/1997",0.0114296367391944
"245","14/11/1997",0.0231525339186192
"246","21/11/1997",0.0105039589107037
"247","28/11/1997",0.0888915807008743
"248","5/12/1997",0.00695059495046735
"249","12/12/1997",0.00767248263582587
"250","19/12/1997",0.00753554934635758
"251","26/12/1997",0.00585795799270272
"252","2/1/1998",0.00613750191405416
"253","9/1/1998",0.0168744903057814
"254","16/1/1998",0.00387360574677587
"255","23/1/1998",0.0219045896083117
"256","30/1/1998",0.00663289474323392
"257","6/2/1998",0.0185250416398048
"258","13/2/1998",0.847878992557526
"259","20/2/1998",0.0411768183112144
"260","27/2/1998",0.00484861340373755
"261","6/3/1998",0.0308574959635735
"262","13/3/1998",0.0450307428836823
"263","20/3/1998",0.00351789128035307
"264","27/3/1998",0.0143822887912393
"265","3/4/1998",0.00392399728298187
"266","10/4/1998",0.00968533847481012
"267","17/4/1998",0.00544061698019505
"268","24/4/1998",0.0137784099206328
"269","1/5/1998",0.00984879583120346
"270","8/5/1998",0.00458719627931714
"271","15/5/1998",0.00592373311519623
"272","22/5/1998",0.00513487588614225
"273","29/5/1998",0.00592478923499584
"274","5/6/1998",0.00714263366535306
"275","12/6/1998",0.0118371909484267
"276","19/6/1998",0.0214471500366926
"277","26/6/1998",0.00537962326779962
"278","3/7/1998",0.00749162398278713
"279","10/7/1998",0.0132456570863724
"280","17/7/1998",0.00919263437390327
"281","24/7/1998",0.00563926342874765
"282","31/7/1998",0.00784314796328545
"283","7/8/1998",0.00799584295600653
"284","14/8/1998",0.00416320841759443
"285","21/8/1998",0.00412667170166969
"286","28/8/1998",0.00452447403222322
"287","4/9/1998",0.00451816199347377
"288","11/9/1998",0.0163459237664938
"289","18/9/1998",0.00974970310926437
"290","25/9/1998",0.0109754102304578
"291","2/10/1998",0.0101769994944334
"292","9/10/1998",0.0143942376598716
"293","16/10/1998",0.00803933758288622
"294","23/10/1998",0.00460316613316536
"295","30/10/1998",0.00458765355870128
"296","6/11/1998",0.00476891314610839
"297","13/11/1998",0.00819710455834866
"298","20/11/1998",0.00574247678741813
"299","27/11/1998",0.0043153497390449
"300","4/12/1998",0.0144705614075065
"301","11/12/1998",0.00823654979467392
"302","18/12/1998",0.00804120115935802
"303","25/12/1998",0.00587344029918313
"304","1/1/1999",0.00744879990816116
"305","8/1/1999",0.00734302820637822
"306","15/1/1999",0.00413026148453355
"307","22/1/1999",0.0658929795026779
"308","29/1/1999",0.0135684153065085
"309","5/2/1999",0.00680146366357803
"310","12/2/1999",0.0693249702453613
"311","19/2/1999",0.0463009029626846
"312","26/2/1999",0.0119948722422123
"313","5/3/1999",0.203727915883064
"314","12/3/1999",0.145057022571564
"315","19/3/1999",0.126336589455605
"316","26/3/1999",0.0546367987990379
"317","2/4/1999",0.0083449948579073
"318","9/4/1999",0.00578469038009644
"319","16/4/1999",0.012709598056972
"320","23/4/1999",0.00597358169034123
"321","30/4/1999",0.0928125306963921
"322","7/5/1999",0.0574745982885361
"323","14/5/1999",0.00833824649453163
"324","21/5/1999",0.00780669087544084
"325","28/5/1999",0.0444096848368645
"326","4/6/1999",0.0168722998350859
"327","11/6/1999",0.0130743961781263
"328","18/6/1999",0.00369556806981564
"329","25/6/1999",0.011055183596909
"330","2/7/1999",0.0928945392370224
"331","9/7/1999",0.0192331783473492
"332","16/7/1999",0.13088995218277
"333","23/7/1999",0.0147630171850324
"334","30/7/1999",0.00965462531894445
"335","6/8/1999",0.141695857048035
"336","13/8/1999",0.0195278152823448
"337","20/8/1999",0.00656239315867424
"338","27/8/1999",0.00996313616633415
"339","3/9/1999",0.0450856387615204
"340","10/9/1999",0.00964745134115219
"341","17/9/1999",0.0207771863788366
"342","24/9/1999",0.230624035000801
"343","1/10/1999",0.00955837965011597
"344","8/10/1999",0.0259385611861944
"345","15/10/1999",0.0436975657939911
"346","22/10/1999",0.00623511942103505
"347","29/10/1999",0.00949476286768913
"348","5/11/1999",0.0123752793297172
"349","12/11/1999",0.0206596739590168
"350","19/11/1999",0.0566736832261086
"351","26/11/1999",0.00709748966619372
"352","3/12/1999",0.0136601943522692
"353","10/12/1999",0.0306834932416677
"354","17/12/1999",0.0161381252110004
"355","24/12/1999",0.0198365356773138
"356","31/12/1999",0.0115243410691619
"357","7/1/2000",0.00902004912495613
"358","14/1/2000",0.0162727441638708
"359","21/1/2000",0.23062901198864
"360","28/1/2000",0.245350673794746
"361","4/2/2000",0.112928926944733
"362","11/2/2000",0.0937641337513924
"363","18/2/2000",0.0477839820086956
"364","25/2/2000",0.049537967890501
"365","3/3/2000",0.0190588869154453
"366","10/3/2000",0.00760717270895839
"367","17/3/2000",0.00930946785956621
"368","24/3/2000",0.0147064533084631
"369","31/3/2000",0.0146918334066868
"370","7/4/2000",0.00306731928139925
"371","14/4/2000",0.00776424165815115
"372","21/4/2000",0.0278806984424591
"373","28/4/2000",0.0466225333511829
"374","5/5/2000",0.00865162257105112
"375","12/5/2000",0.00817662570625544
"376","19/5/2000",0.0327016077935696
"377","26/5/2000",0.0414580777287483
"378","2/6/2000",0.0329768061637878
"379","9/6/2000",0.0295978151261806
"380","16/6/2000",0.00468055624514818
"381","23/6/2000",0.0139131229370832
"382","30/6/2000",0.0171314477920532
"383","7/7/2000",0.0101850191131234
"384","14/7/2000",0.00769131910055876
"385","21/7/2000",0.00499145500361919
"386","28/7/2000",0.00598512217402458
"387","4/8/2000",0.00771683221682906
"388","11/8/2000",0.00463832914829254
"389","18/8/2000",0.0233795884996653
"390","25/8/2000",0.0535480119287968
"391","1/9/2000",0.0271778218448162
"392","8/9/2000",0.0848899483680725
"393","15/9/2000",0.0281605739146471
"394","22/9/2000",0.0164034180343151
"395","29/9/2000",0.0119580440223217
"396","6/10/2000",0.0152509408071637
"397","13/10/2000",0.0114729385823011
"398","20/10/2000",0.0114614740014076
"399","27/10/2000",0.0293179973959923
"400","3/11/2000",0.00457681994885206
"401","10/11/2000",0.0146806398406625
"402","17/11/2000",0.0270382296293974
"403","24/11/2000",0.0143912062048912
"404","1/12/2000",0.0259034056216478
"405","8/12/2000",0.00420702341943979
"406","15/12/2000",0.0103540262207389
"407","22/12/2000",0.0028624851256609
"408","29/12/2000",0.00776337087154388
"409","5/1/2001",0.0108635844662786
"410","12/1/2001",0.00616288790479302
"411","19/1/2001",0.00971866864711046
"412","26/1/2001",0.0148769840598106
"413","2/2/2001",0.00975987408310175
"414","9/2/2001",0.0410869345068932
"415","16/2/2001",0.0328714028000832
"416","23/2/2001",0.0837084501981735
"417","2/3/2001",0.4052794277668
"418","9/3/2001",0.00522614363580942
"419","16/3/2001",0.00795304030179977
"420","23/3/2001",0.0213590376079082
"421","30/3/2001",0.0157957654446363
"422","6/4/2001",0.0187429133802652
"423","13/4/2001",0.0382502414286137
"424","20/4/2001",0.0320557206869125
"425","27/4/2001",0.013912396505475
"426","4/5/2001",0.0630167275667191
"427","11/5/2001",0.0142290182411671
"428","18/5/2001",0.0087411729618907
"429","25/5/2001",0.020251028239727
"430","1/6/2001",0.0178453866392374
"431","8/6/2001",0.0203420966863632
"432","15/6/2001",0.0237394757568836
"433","22/6/2001",0.0114173758774996
"434","29/6/2001",0.00888164155185223
"435","6/7/2001",0.00610407907515764
"436","13/7/2001",0.0105187138542533
"437","20/7/2001",0.0431417040526867
"438","27/7/2001",0.00682893395423889
"439","3/8/2001",0.00485184695571661
"440","10/8/2001",0.0288889147341251
"441","17/8/2001",0.0174293499439955
"442","24/8/2001",0.00949531048536301
"443","31/8/2001",0.100176259875298
"444","7/9/2001",0.134716391563416
"445","14/9/2001",0.04056266695261
"446","21/9/2001",0.0704988241195679
"447","28/9/2001",0.181812092661858
"448","5/10/2001",0.133558169007301
"449","12/10/2001",0.0335379764437675
"450","19/10/2001",0.129761353135109
"451","26/10/2001",0.0156669206917286
"452","2/11/2001",0.0280593167990446
"453","9/11/2001",0.0509992800652981
"454","16/11/2001",0.0144942393526435
"455","23/11/2001",0.0327642001211643
"456","30/11/2001",0.224114388227463
"457","7/12/2001",0.237287431955338
"458","14/12/2001",0.0590926557779312
"459","21/12/2001",0.308036237955093
"460","28/12/2001",0.135469257831573
"461","4/1/2002",0.0440410785377026
"462","11/1/2002",0.194844201207161
"463","18/1/2002",0.136000379920006
"464","25/1/2002",0.0526602827012539
"465","1/2/2002",0.0943718329071999
"466","8/2/2002",0.0487681776285172
"467","15/2/2002",0.103789180517197
"468","22/2/2002",0.0601051412522793
"469","1/3/2002",0.118157625198364
"470","8/3/2002",0.0722596868872643
"471","15/3/2002",0.225164860486984
"472","22/3/2002",0.327434182167053
"473","29/3/2002",0.137430727481842
"474","5/4/2002",0.0784138441085815
"475","12/4/2002",0.170150443911552
"476","19/4/2002",0.0322588756680489
"477","26/4/2002",0.0760189890861511
"478","3/5/2002",0.0696912109851837
"479","10/5/2002",0.0729436948895454
"480","17/5/2002",0.0640031695365906
"481","24/5/2002",0.0506022125482559
"482","31/5/2002",0.0420159921050072
"483","7/6/2002",0.058164656162262
"484","14/6/2002",0.0909129157662392
"485","21/6/2002",0.0829052031040192
"486","28/6/2002",0.112799324095249
"487","5/7/2002",0.144409731030464
"488","12/7/2002",0.0543511398136616
"489","19/7/2002",0.144706502556801
"490","26/7/2002",0.280318439006805
"491","2/8/2002",0.106094308197498
"492","9/8/2002",0.0860559865832329
"493","16/8/2002",0.0963567793369293
"494","23/8/2002",0.137486770749092
"495","30/8/2002",0.0148997269570827
"496","6/9/2002",0.0956716984510422
"497","13/9/2002",0.0590123608708382
"498","20/9/2002",0.0251161027699709
"499","27/9/2002",0.0190349910408258
"500","4/10/2002",0.0993668735027313
"501","11/10/2002",0.0547358319163322
"502","18/10/2002",0.0746744200587273
"503","25/10/2002",0.120861649513245
"504","1/11/2002",0.12803840637207
"505","8/11/2002",0.0439572781324387
"506","15/11/2002",0.0462836511433125
"507","22/11/2002",0.0507895946502686
"508","29/11/2002",0.00540424138307571
"509","6/12/2002",0.0118360258638859
"510","13/12/2002",0.0133374724537134
"511","20/12/2002",0.0222002007067204
"512","27/12/2002",0.0390247628092766
"513","3/1/2003",0.0217288043349981
"514","10/1/2003",0.0275936983525753
"515","17/1/2003",0.021595686674118
"516","24/1/2003",0.0215030796825886
"517","31/1/2003",0.0146907344460487
"518","7/2/2003",0.051129087805748
"519","14/2/2003",0.0420814827084541
"520","21/2/2003",0.0162269007414579
"521","28/2/2003",0.00964441802352667
"522","7/3/2003",0.00624443916603923
"523","14/3/2003",0.0148192103952169
"524","21/3/2003",0.00601861625909805
"525","28/3/2003",0.00635107606649399
"526","4/4/2003",0.00886379927396774
"527","11/4/2003",0.00769300758838654
"528","18/4/2003",0.00708381365984678
"529","25/4/2003",0.00864055007696152
"530","2/5/2003",0.00768087338656187
"531","9/5/2003",0.00349515443667769
"532","16/5/2003",0.0100291585549712
"533","23/5/2003",0.00974410213530064
"534","30/5/2003",0.0042815413326025
"535","6/6/2003",0.00629754876717925
"536","13/6/2003",0.00741676893085241
"537","20/6/2003",0.0059402328915894
"538","27/6/2003",0.0128155425190926
"539","4/7/2003",0.00664493581280112
"540","11/7/2003",0.00481437705457211
"541","18/7/2003",0.00673904083669186
"542","25/7/2003",0.00466785114258528
"543","1/8/2003",0.00931276194751263
"544","8/8/2003",0.00543221179395914
"545","15/8/2003",0.00663558812811971
"546","22/8/2003",0.00494961813092232
"547","29/8/2003",0.00722748273983598
"548","5/9/2003",0.00877644121646881
"549","12/9/2003",0.0040130615234375
"550","19/9/2003",0.00521540082991123
"551","26/9/2003",0.00816835835576057
"552","3/10/2003",0.00493050971999764
"553","10/10/2003",0.0100606242194772
"554","17/10/2003",0.00783670134842396
"555","24/10/2003",0.0100408298894763
"556","31/10/2003",0.0131317786872387
"557","7/11/2003",0.00801729410886765
"558","14/11/2003",0.00529356021434069
"559","21/11/2003",0.00737119279801846
"560","28/11/2003",0.0067386063747108
"561","5/12/2003",0.00793385691940784
"562","12/12/2003",0.00646872818470001
"563","19/12/2003",0.0107726296409965
"564","26/12/2003",0.00891453493386507
"565","2/1/2004",0.00847555603832006
"566","9/1/2004",0.00539544178172946
"567","16/1/2004",0.00494091492146254
"568","23/1/2004",0.00685612997040153
"569","30/1/2004",0.00985957589000463
"570","6/2/2004",0.0118968645110726
"571","13/2/2004",0.00938536133617163
"572","20/2/2004",0.0108069479465485
"573","27/2/2004",0.00957672391086817
"574","5/3/2004",0.00730019295588136
"575","12/3/2004",0.0086555453017354
"576","19/3/2004",0.00955418590456247
"577","26/3/2004",0.00712306704372168
"578","2/4/2004",0.0201887153089046
"579","9/4/2004",0.00714584719389677
"580","16/4/2004",0.007142991758883
"581","23/4/2004",0.010485315695405
"582","30/4/2004",0.0190713927149773
"583","7/5/2004",0.0176631435751915
"584","14/5/2004",0.0134076327085495
"585","21/5/2004",0.00454017473384738
"586","28/5/2004",0.00695722037926316
"587","4/6/2004",0.0100342109799385
"588","11/6/2004",0.00539875961840153
"589","18/6/2004",0.0319065637886524
"590","25/6/2004",0.0134705509990454
"591","2/7/2004",0.0280622597783804
"592","9/7/2004",0.00867442414164543
"593","16/7/2004",0.00556973181664944
"594","23/7/2004",0.00589875876903534
"595","30/7/2004",0.00487535307183862
"596","6/8/2004",0.00445276964455843
"597","13/8/2004",0.00485565420240164
"598","20/8/2004",0.00385355087928474
"599","27/8/2004",0.00271700671873987
"600","3/9/2004",0.00883682817220688
"601","10/9/2004",0.00384761742316186
"602","17/9/2004",0.00512081291526556
"603","24/9/2004",0.00909025501459837
"604","1/10/2004",0.0130524914711714
"605","8/10/2004",0.0160014797002077
"606","15/10/2004",0.0073876827955246
"607","22/10/2004",0.00600877683609724
"608","29/10/2004",0.00652583129703999
"609","5/11/2004",0.0111984563991427
"610","12/11/2004",0.00818199478089809
"611","19/11/2004",0.00322139402851462
"612","26/11/2004",0.00608998676761985
"613","3/12/2004",0.00319384317845106
"614","10/12/2004",0.00315318768844008
"615","17/12/2004",0.00362885603681207
"616","24/12/2004",0.004476566798985
"617","31/12/2004",0.00730794761329889
"618","7/1/2005",0.00525248469784856
"619","14/1/2005",0.00284431036561728
"620","21/1/2005",0.00516953784972429
"621","28/1/2005",0.00335096637718379
"622","4/2/2005",0.00339702726341784
"623","11/2/2005",0.0034716899972409
"624","18/2/2005",0.00330885243602097
"625","25/2/2005",0.0076481462456286
"626","4/3/2005",0.00330179580487311
"627","11/3/2005",0.00329987262375653
"628","18/3/2005",0.00482195196673274
"629","25/3/2005",0.00319779547862709
"630","1/4/2005",0.00319443666376173
"631","8/4/2005",0.00520227802917361
"632","15/4/2005",0.00259508867748082
"633","22/4/2005",0.00327743450179696
"634","29/4/2005",0.00545855984091759
"635","6/5/2005",0.0087687699124217
"636","13/5/2005",0.00746155483648181
"637","20/5/2005",0.00334772560745478
"638","27/5/2005",0.00454844255000353
"639","3/6/2005",0.00542159518226981
"640","10/6/2005",0.015229107812047
"641","17/6/2005",0.00572669692337513
"642","24/6/2005",0.00647158501669765
"643","1/7/2005",0.00555566465482116
"644","8/7/2005",0.00646162545308471
"645","15/7/2005",0.00806648097932339
"646","22/7/2005",0.00966957770287991
"647","29/7/2005",0.00490950886160135
"648","5/8/2005",0.00867831520736217
"649","12/8/2005",0.0110304420813918
"650","19/8/2005",0.00465421518310905
"651","26/8/2005",0.00977840833365917
"652","2/9/2005",0.0144554181024432
"653","9/9/2005",0.00847505964338779
"654","16/9/2005",0.0144104743376374
"655","23/9/2005",0.014394149184227
"656","30/9/2005",0.00844080094248056
"657","7/10/2005",0.00777858914807439
"658","14/10/2005",0.00330115901306272
"659","21/10/2005",0.00487047387287021
"660","28/10/2005",0.0033205128274858
"661","4/11/2005",0.00326856900937855
"662","11/11/2005",0.00270610838197172
"663","18/11/2005",0.00612663896754384
"664","25/11/2005",0.00382249127142131
"665","2/12/2005",0.00428339745849371
"666","9/12/2005",0.00343529623933136
"667","16/12/2005",0.00354786007665098
"668","23/12/2005",0.00523837190121412
"669","30/12/2005",0.00381105626001954
"670","6/1/2006",0.0035410022828728
"671","13/1/2006",0.00302084162831306
"672","20/1/2006",0.00609450554475188
"673","27/1/2006",0.00497404579073191
"674","3/2/2006",0.00425888411700726
"675","10/2/2006",0.00249805836938322
"676","17/2/2006",0.00379559304565191
"677","24/2/2006",0.00379332411102951
"678","3/3/2006",0.00352334650233388
"679","10/3/2006",0.00424350704997778
"680","17/3/2006",0.00400829222053289
"681","24/3/2006",0.00470568938180804
"682","31/3/2006",0.0137746203690767
"683","7/4/2006",0.0153282769024372
"684","14/4/2006",0.0159329697489738
"685","21/4/2006",0.00566890789195895
"686","28/4/2006",0.00438640778884292
"687","5/5/2006",0.00667202100157738
"688","12/5/2006",0.0085660619661212
"689","19/5/2006",0.00561224482953548
"690","26/5/2006",0.00536720221862197
"691","2/6/2006",0.0106155918911099
"692","9/6/2006",0.0065026767551899
"693","16/6/2006",0.00379382283426821
"694","23/6/2006",0.00582691375166178
"695","30/6/2006",0.00581590551882982
"696","7/7/2006",0.0104240970686078
"697","14/7/2006",0.0060135149396956
"698","21/7/2006",0.0136758871376514
"699","28/7/2006",0.00333307776600122
"700","4/8/2006",0.0155193032696843
"701","11/8/2006",0.00819713901728392
"702","18/8/2006",0.0075723803602159
"703","25/8/2006",0.0056636962108314
"704","1/9/2006",0.00870608724653721
"705","8/9/2006",0.00869954563677311
"706","15/9/2006",0.00462615070864558
"707","22/9/2006",0.00676693022251129
"708","29/9/2006",0.00546866003423929
"709","6/10/2006",0.00392742455005646
"710","13/10/2006",0.00674922717735171
"711","20/10/2006",0.00430429587140679
"712","27/10/2006",0.00409851595759392
"713","3/11/2006",0.00429963879287243
"714","10/11/2006",0.00348871503956616
"715","17/11/2006",0.00551410438492894
"716","24/11/2006",0.00960598513484001
"717","1/12/2006",0.00535839144140482
"718","8/12/2006",0.00417044805362821
"719","15/12/2006",0.00959589332342148
"720","22/12/2006",0.00504359509795904
"721","29/12/2006",0.00619754940271378
"722","5/1/2007",0.0613445416092873
"723","12/1/2007",0.0753812715411186
"724","19/1/2007",0.0149992695078254
"725","26/1/2007",0.0183635950088501
"726","2/2/2007",0.010703225620091
"727","9/2/2007",0.0341120436787605
"728","16/2/2007",0.0573558434844017
"729","23/2/2007",0.0283296164125204
"730","2/3/2007",0.0158584322780371
"731","9/3/2007",0.00890807062387466
"732","16/3/2007",0.00847149826586246
"733","23/3/2007",0.0432243719696999
"734","30/3/2007",0.171832382678986
"735","6/4/2007",0.151335433125496
"736","13/4/2007",0.0528323799371719
"737","20/4/2007",0.0516833961009979
"738","27/4/2007",0.038829330354929
"739","4/5/2007",0.0938024446368217
"740","11/5/2007",0.0354122705757618
"741","18/5/2007",0.141945272684097
"742","25/5/2007",0.0584411025047302
"743","1/6/2007",0.155604735016823
"744","8/6/2007",0.0777743756771088
"745","15/6/2007",0.277125686407089
"746","22/6/2007",0.235167995095253
"747","29/6/2007",0.262819290161133
"748","6/7/2007",0.143716111779213
"749","13/7/2007",0.0483336895704269
"750","20/7/2007",0.458685547113419
"751","27/7/2007",0.134443774819374
"752","3/8/2007",0.562301635742188
"753","10/8/2007",0.313651472330093
"754","17/8/2007",0.0710921511054039
"755","24/8/2007",0.369730174541473
"756","31/8/2007",0.0689727067947388
"757","7/9/2007",0.389334380626678
"758","14/9/2007",0.0716511756181717
"759","21/9/2007",0.109738171100616
"760","28/9/2007",0.0520771443843842
"761","5/10/2007",0.164806827902794
"762","12/10/2007",0.0510378368198872
"763","19/10/2007",0.135937452316284
"764","26/10/2007",0.0465731956064701
"765","2/11/2007",0.340786099433899
"766","9/11/2007",0.0698450952768326
"767","16/11/2007",0.0527421720325947
"768","23/11/2007",0.147503331303596
"769","30/11/2007",0.11716540157795
"770","7/12/2007",0.129151910543442
"771","14/12/2007",0.0604710914194584
"772","21/12/2007",0.17459525167942
"773","28/12/2007",0.066610224545002
"774","4/1/2008",0.161120668053627
"775","11/1/2008",0.10235632956028
"776","18/1/2008",0.0484539493918419
"777","25/1/2008",0.156743958592415
"778","1/2/2008",0.051679365336895
"779","8/2/2008",0.0334753431379795
"780","15/2/2008",0.00923957116901875
"781","22/2/2008",0.0481296703219414
"782","29/2/2008",0.153483986854553
"783","7/3/2008",0.0279649998992682
"784","14/3/2008",0.0444795191287994
"785","21/3/2008",0.119075015187263
"786","28/3/2008",0.0241371095180511
"787","4/4/2008",0.0813926383852959
"788","11/4/2008",0.0439543835818768
"789","18/4/2008",0.0774902775883675
"790","25/4/2008",0.0866164639592171
"791","2/5/2008",0.140002816915512
"792","9/5/2008",0.254977911710739
"793","16/5/2008",0.13975116610527
"794","23/5/2008",0.586701631546021
"795","30/5/2008",0.218660354614258
"796","6/6/2008",0.400267422199249
"797","13/6/2008",0.207067862153053
"798","20/6/2008",0.284242153167725
"799","27/6/2008",0.177045419812202
"800","4/7/2008",0.102678507566452
"801","11/7/2008",0.212605312466621
"802","18/7/2008",0.340304017066956
"803","25/7/2008",0.359042555093765
"804","1/8/2008",0.194405138492584
"805","8/8/2008",0.244863957166672
"806","15/8/2008",0.263548523187637
"807","22/8/2008",0.53480339050293
"808","29/8/2008",0.179739356040955
"809","5/9/2008",0.360121041536331
"810","12/9/2008",0.0354255363345146
"811","19/9/2008",0.0708773732185364
"812","26/9/2008",0.0187748055905104
"813","3/10/2008",0.0319056734442711
"814","10/10/2008",0.042016539722681
"815","17/10/2008",0.0618226826190948
"816","24/10/2008",0.107138633728027
"817","31/10/2008",0.0486721321940422
"818","7/11/2008",0.172632828354836
"819","14/11/2008",0.165451660752296
"820","21/11/2008",0.076338492333889
"821","28/11/2008",0.0638275742530823
"822","5/12/2008",0.0483455434441566
"823","12/12/2008",0.0550378412008286
"824","19/12/2008",0.0611066110432148
"825","26/12/2008",0.117634624242783
"826","2/1/2009",0.0585779175162315
"827","9/1/2009",0.08029855042696
"828","16/1/2009",0.0640018731355667
"829","23/1/2009",0.0752534791827202
"830","30/1/2009",0.0229214522987604
"831","6/2/2009",0.0475337989628315
"832","13/2/2009",0.0818356797099113
"833","20/2/2009",0.0436977222561836
"834","27/2/2009",0.0475529059767723
"835","6/3/2009",0.0727055668830872
"836","13/3/2009",0.0722321197390556
"837","20/3/2009",0.068321481347084
"838","27/3/2009",0.0329301953315735
"839","3/4/2009",0.0606531836092472
"840","10/4/2009",0.0648072510957718
"841","17/4/2009",0.0612197183072567
"842","24/4/2009",0.191393554210663
"843","1/5/2009",0.144969597458839
"844","8/5/2009",0.0394216515123844
"845","15/5/2009",0.0584644339978695
"846","22/5/2009",0.0692080780863762
"847","29/5/2009",0.0612161457538605
"848","5/6/2009",0.0593597590923309
"849","12/6/2009",0.135417804121971
"850","19/6/2009",0.26671302318573
"851","26/6/2009",0.0495058707892895
"852","3/7/2009",0.0351897701621056
"853","10/7/2009",0.0411084778606892
"854","17/7/2009",0.0504341050982475
"855","24/7/2009",0.144349932670593
"856","31/7/2009",0.10542319715023
"857","7/8/2009",0.0319937691092491
"858","14/8/2009",0.111183755099773
"859","21/8/2009",0.054863166064024
"860","28/8/2009",0.08219975233078
"861","4/9/2009",0.0294317733496428
"862","11/9/2009",0.11121016740799
"863","18/9/2009",0.0824965536594391
"864","25/9/2009",0.033663023263216
"865","2/10/2009",0.0364182218909264
"866","9/10/2009",0.016206992790103
"867","16/10/2009",0.165224507451057
"868","23/10/2009",0.0786520913243294
"869","30/10/2009",0.0317818410694599
"870","6/11/2009",0.154430970549583
"871","13/11/2009",0.0464135631918907
"872","20/11/2009",0.129081398248672
"873","27/11/2009",0.0473559647798538
"874","4/12/2009",0.0623489245772362
"875","11/12/2009",0.0671361833810806
"876","18/12/2009",0.0309146586805582
"877","25/12/2009",0.0443845689296722
"878","1/1/2010",0.0217663682997227
"879","8/1/2010",0.0433700941503048
"880","15/1/2010",0.114222817122936
"881","22/1/2010",0.0264392010867596
"882","29/1/2010",0.0212005935609341
"883","5/2/2010",0.0253354795277119
"884","12/2/2010",0.0125014139339328
"885","19/2/2010",0.0208572149276733
"886","26/2/2010",0.0195910427719355
"887","5/3/2010",0.0828900337219238
"888","12/3/2010",0.0209770016372204
"889","19/3/2010",0.0569019764661789
"890","26/3/2010",0.0158241298049688
"891","2/4/2010",0.0168141815811396
"892","9/4/2010",0.02402039244771
"893","16/4/2010",0.0313091315329075
"894","23/4/2010",0.0227713081985712
"895","30/4/2010",0.0227326098829508
"896","7/5/2010",0.0574949458241463
"897","14/5/2010",0.0183244999498129
"898","21/5/2010",0.0233614947646856
"899","28/5/2010",0.0141491610556841
"900","4/6/2010",0.0354291014373302
"901","11/6/2010",0.0179849974811077
"902","18/6/2010",0.0111120007932186
"903","25/6/2010",0.0307998284697533
"904","2/7/2010",0.0118097588419914
"905","9/7/2010",0.0122758019715548
"906","16/7/2010",0.00267330859787762
"907","23/7/2010",0.00397303374484181
"908","30/7/2010",0.00332685187458992
"909","6/8/2010",0.00632448215037584
"910","13/8/2010",0.00430117035284638
"911","20/8/2010",0.0054316627793014
"912","27/8/2010",0.00733007490634918
"913","3/9/2010",0.00754482392221689
"914","10/9/2010",0.00841691251844168
"915","17/9/2010",0.00774776889011264
"916","24/9/2010",0.0068384543992579
"917","1/10/2010",0.0130634298548102
"918","8/10/2010",0.00951799377799034
"919","15/10/2010",0.00462141027674079
"920","22/10/2010",0.00409799441695213
"921","29/10/2010",0.00505241565406322
"922","5/11/2010",0.00663731060922146
"923","12/11/2010",0.0041605425067246
"924","19/11/2010",0.00478916568681598
"925","26/11/2010",0.00631117867305875
"926","3/12/2010",0.00685631902888417
"927","10/12/2010",0.0123447254300117
"928","17/12/2010",0.0375080332159996
"929","24/12/2010",0.227586418390274
"930","31/12/2010",0.171999558806419
"931","7/1/2011",0.0608105361461639
"932","14/1/2011",0.109324276447296
"933","21/1/2011",0.17645475268364
"934","28/1/2011",0.0846908837556839
"935","4/2/2011",0.0148654291406274
"936","11/2/2011",0.0756786838173866
"937","18/2/2011",0.028090737760067
"938","25/2/2011",0.0128034651279449
"939","4/3/2011",0.0892101973295212
"940","11/3/2011",0.0332824774086475
"941","18/3/2011",0.0603862591087818
"942","25/3/2011",0.054716169834137
"943","1/4/2011",0.0507136285305023
"944","8/4/2011",0.0149802733212709
"945","15/4/2011",0.0166095793247223
"946","22/4/2011",0.0547076016664505
"947","29/4/2011",0.0494622811675072
"948","6/5/2011",0.108523599803448
"949","13/5/2011",0.09842299669981
"950","20/5/2011",0.0336465165019035
"951","27/5/2011",0.0338503755629063
"952","3/6/2011",0.14667908847332
"953","10/6/2011",0.0685675889253616
"954","17/6/2011",0.0994052737951279
"955","24/6/2011",0.0447536520659924
"956","1/7/2011",0.0499958246946335
"957","8/7/2011",0.0587630793452263
"958","15/7/2011",0.0369660779833794
"959","22/7/2011",0.0459934175014496
"960","29/7/2011",0.0344537384808064
"961","5/8/2011",0.0617840029299259
"962","12/8/2011",0.0219297129660845
"963","19/8/2011",0.0180785097181797
"964","26/8/2011",0.0637402608990669
"965","2/9/2011",0.0247108153998852
"966","9/9/2011",0.0290213096886873
"967","16/9/2011",0.0252136141061783
"968","23/9/2011",0.0433015637099743
"969","30/9/2011",0.025226654484868
"970","7/10/2011",0.251363277435303
"971","14/10/2011",0.0380551069974899
"972","21/10/2011",0.0248415768146515
"973","28/10/2011",0.1685401648283
"974","4/11/2011",0.00397765962406993
"975","11/11/2011",0.0647161602973938
"976","18/11/2011",0.0117897819727659
"977","25/11/2011",0.0199289377778769
"978","2/12/2011",0.010414008051157
"979","9/12/2011",0.078419990837574
"980","16/12/2011",0.014564260840416
"981","23/12/2011",0.0229813475161791
"982","30/12/2011",0.0134454984217882
"983","6/1/2012",0.0110109429806471
"984","13/1/2012",0.0118674375116825
"985","20/1/2012",0.0167340375483036
"986","27/1/2012",0.0138232298195362
"987","3/2/2012",0.0194068718701601
"988","10/2/2012",0.0162874739617109
"989","17/2/2012",0.0211335849016905
"990","24/2/2012",0.0566232018172741
"991","2/3/2012",0.0134955337271094
"992","9/3/2012",0.00541962357237935
"993","16/3/2012",0.00872309505939484
"994","23/3/2012",0.0612894743680954
"995","30/3/2012",0.00756391789764166
"996","6/4/2012",0.0194111689925194
"997","13/4/2012",0.00750084174796939
"998","20/4/2012",0.0101908762007952
"999","27/4/2012",0.00552066555246711
"1000","4/5/2012",0.00960374064743519
"1001","11/5/2012",0.00551592465490103
"1002","18/5/2012",0.00550737790763378
"1003","25/5/2012",0.00624128617346287
"1004","1/6/2012",0.0107033466920257
"1005","8/6/2012",0.00808447506278753
"1006","15/6/2012",0.0139091797173023
"1007","22/6/2012",0.0205915588885546
"1008","29/6/2012",0.0323745831847191
"1009","6/7/2012",0.00877864845097065
"1010","13/7/2012",0.0255361497402191
"1011","20/7/2012",0.00698950700461864
"1012","27/7/2012",0.0167290326207876
"1013","3/8/2012",0.0167154371738434
"1014","10/8/2012",0.00479138875380158
"1015","17/8/2012",0.0192429013550282
"1016","24/8/2012",0.0144829014316201
"1017","31/8/2012",0.00599161349236965
"1018","7/9/2012",0.012311177328229
"1019","14/9/2012",0.00912939757108688
"1020","21/9/2012",0.00490546831861138
"1021","28/9/2012",0.00489957630634308
"1022","5/10/2012",0.0154250301420689
"1023","12/10/2012",0.0171309169381857
"1024","19/10/2012",0.00687068188562989
"1025","26/10/2012",0.00863608717918396
"1026","2/11/2012",0.00549356872215867
"1027","9/11/2012",0.00336037063971162
"1028","16/11/2012",0.00737495860084891
"1029","23/11/2012",0.0102011784911156
"1030","30/11/2012",0.00468418980017304
"1031","7/12/2012",0.00736390147358179
"1032","14/12/2012",0.00554902758449316
"1033","21/12/2012",0.00990773737430573
"1034","28/12/2012",0.011946139857173
"1035","4/1/2013",0.0054548024199903
"1036","11/1/2013",0.0148835685104132
"1037","18/1/2013",0.00463038636371493
"1038","25/1/2013",0.0107639133930206
"1039","1/2/2013",0.0046836850233376
"1040","8/2/2013",0.00447034044191241
"1041","15/2/2013",0.00931266043335199
"1042","22/2/2013",0.00384436012245715
"1043","1/3/2013",0.00467101158574224
"1044","8/3/2013",0.00466830749064684
"1045","15/3/2013",0.00521516567096114
"1046","22/3/2013",0.0038317774888128
"1047","29/3/2013",0.00608572782948613
"1048","5/4/2013",0.00608125934377313
"1049","12/4/2013",0.00490968115627766
"1050","19/4/2013",0.0037698361556977
"1051","26/4/2013",0.00402109930291772
"1052","3/5/2013",0.00708183785900474
"1053","10/5/2013",0.00606296490877867
"1054","17/5/2013",0.00789519585669041
"1055","24/5/2013",0.0060564917512238
"1056","31/5/2013",0.018167931586504
"1057","7/6/2013",0.00874246563762426
"1058","14/6/2013",0.031268447637558
"1059","21/6/2013",0.018110541626811
"1060","28/6/2013",0.0132501320913434
"1061","5/7/2013",0.015421973541379
"1062","12/7/2013",0.00455972226336598
"1063","19/7/2013",0.0158535502851009
"1064","26/7/2013",0.00618795910850167
"1065","2/8/2013",0.0090110469609499
"1066","9/8/2013",0.00409565400332212
"1067","16/8/2013",0.00657147960737348
"1068","23/8/2013",0.00656550237908959
"1069","30/8/2013",0.00526798143982887
"1070","6/9/2013",0.00960231199860573
"1071","13/9/2013",0.00435403920710087
"1072","20/9/2013",0.0090837711468339
"1073","27/9/2013",0.00684430915862322
"1074","4/10/2013",0.00434713670983911
"1075","11/10/2013",0.00434463797137141
"1076","18/10/2013",0.00434250151738524
"1077","25/10/2013",0.00905277021229267
"1078","1/11/2013",0.00904907938092947
"1079","8/11/2013",0.00482372986152768
"1080","15/11/2013",0.00433260668069124
"1081","22/11/2013",0.0111880172044039
"1082","29/11/2013",0.00467521650716662
"1083","6/12/2013",0.003548972774297
"1084","13/12/2013",0.0035469566937536
"1085","20/12/2013",0.0638081058859825
"1086","27/12/2013",0.124897889792919
"1087","3/1/2014",0.0637586414813995
"1088","10/1/2014",0.054793506860733
"1089","17/1/2014",0.0700979307293892
"1090","24/1/2014",0.0413575805723667
"1091","31/1/2014",0.0451072081923485
"1092","7/2/2014",0.0608905665576458
"1093","14/2/2014",0.0262552089989185
"1094","21/2/2014",0.0183560866862535
"1095","28/2/2014",0.0124737005680799
"1096","7/3/2014",0.0176245309412479
"1097","14/3/2014",0.0485981330275536
"1098","21/3/2014",0.047467153519392
"1099","28/3/2014",0.0103678489103913
"1100","4/4/2014",0.0154602210968733
"1101","11/4/2014",0.0176953990012407
"1102","18/4/2014",0.00986451655626297
"1103","25/4/2014",0.00986051186919212
"1104","2/5/2014",0.0196386016905308
"1105","9/5/2014",0.0162768047302961
"1106","16/5/2014",0.012403710745275
"1107","23/5/2014",0.0265572667121887
"1108","30/5/2014",0.00742305815219879
"1109","6/6/2014",0.0061684800311923
"1110","13/6/2014",0.00982865411788225
"1111","20/6/2014",0.0262936018407345
"1112","27/6/2014",0.067311629652977
"1113","4/7/2014",0.0211294572800398
"1114","11/7/2014",0.0215918123722076
"1115","18/7/2014",0.0293239559978247
"1116","25/7/2014",0.0860662087798119
"1117","1/8/2014",0.0299640018492937
"1118","8/8/2014",0.0302579943090677
"1119","15/8/2014",0.00858813989907503
"1120","22/8/2014",0.0161413662135601
"1121","29/8/2014",0.0549433082342148
"1122","5/9/2014",0.0271774753928185
"1123","12/9/2014",0.0104871513321996
"1124","19/9/2014",0.0117430901154876
"1125","26/9/2014",0.00936235394328833
"1126","3/10/2014",0.0140575580298901
"1127","10/10/2014",0.0123671218752861
"1128","17/10/2014",0.0120544098317623
"1129","24/10/2014",0.0138913672417402
"1130","31/10/2014",0.00593628361821175
"1131","7/11/2014",0.00877112057060003
"1132","14/11/2014",0.00293213850818574
"1133","21/11/2014",0.00395760219544172
"1134","28/11/2014",0.00378171005286276
"1135","5/12/2014",0.00536222010850906
"1136","12/12/2014",0.00333419302478433
"1137","19/12/2014",0.00364578072912991
"1138","26/12/2014",0.00303583429194987
"1139","2/1/2015",0.00340322684496641
"1140","9/1/2015",0.00430137431249022
"1141","16/1/2015",0.00868259184062481
"1142","23/1/2015",0.00673872139304876
"1143","30/1/2015",0.019336299970746
"1144","6/2/2015",0.00922271143645048
"1145","13/2/2015",0.0327412895858288
"1146","20/2/2015",0.00965610705316067
"1147","27/2/2015",0.0180430971086025
"1148","6/3/2015",0.023812435567379
"1149","13/3/2015",0.00979127921164036
"1150","20/3/2015",0.056828249245882
"1151","27/3/2015",0.0211017224937677
"1152","3/4/2015",0.0452608726918697
"1153","10/4/2015",0.0194863863289356
"1154","17/4/2015",0.0202762093394995
"1155","24/4/2015",0.0358039885759354
"1156","1/5/2015",0.0161181949079037
"1157","8/5/2015",0.0249780602753162
"1158","15/5/2015",0.0357148349285126
"1159","22/5/2015",0.0403580591082573
"1160","29/5/2015",0.0116101978346705
"1161","5/6/2015",0.0214983243495226
"1162","12/6/2015",0.0123756863176823
"1163","19/6/2015",0.123378694057465
"1164","26/6/2015",0.0396148301661015
"1165","3/7/2015",0.0569759793579578
"1166","10/7/2015",0.0823285207152367
"1167","17/7/2015",0.0547308102250099
"1168","24/7/2015",0.0387300886213779
"1169","31/7/2015",0.0253345370292664
"1170","7/8/2015",0.0351046472787857
"1171","14/8/2015",0.0392536707222462
"1172","21/8/2015",0.0306812524795532
"1173","28/8/2015",0.0202331934124231
"1174","4/9/2015",0.0777068883180618
"1175","11/9/2015",0.0442518629133701
"1176","18/9/2015",0.065758541226387
"1177","25/9/2015",0.0488358028233051
"1178","2/10/2015",0.0213966481387615
"1179","9/10/2015",0.168581768870354
"1180","16/10/2015",0.0381289534270763
"1181","23/10/2015",0.0830940306186676
"1182","30/10/2015",0.108005471527576
"1183","6/11/2015",0.0341670028865337
"1184","13/11/2015",0.0482996702194214
"1185","20/11/2015",0.0590647608041763
"1186","27/11/2015",0.0484528727829456
"1187","4/12/2015",0.0708262920379639
"1188","11/12/2015",0.0725529491901398
"1189","18/12/2015",0.0159559026360512
"1190","25/12/2015",0.00682881055399776
"1191","1/1/2016",0.00507202977314591
"1192","8/1/2016",0.00945706479251385
"1193","15/1/2016",0.00886380299925804
"1194","22/1/2016",0.0157439280301332
"1195","29/1/2016",0.0119474902749062
"1196","5/2/2016",0.00490605970844626
"1197","12/2/2016",0.0121370805427432
"1198","19/2/2016",0.00748208910226822
"1199","26/2/2016",0.00831041671335697
"1200","4/3/2016",0.00747048063203692
"1201","11/3/2016",0.00572561612352729
"1202","18/3/2016",0.00576688908040524
"1203","25/3/2016",0.00377388554625213
"1204","1/4/2016",0.00504631688818336
"1205","8/4/2016",0.00858643930405378
"1206","15/4/2016",0.010772573761642
"1207","22/4/2016",0.00300001562573016
"1208","29/4/2016",0.00555989192798734
"1209","6/5/2016",0.00727769639343023
"1210","13/5/2016",0.00742588797584176
"1211","20/5/2016",0.00499015254899859
"1212","27/5/2016",0.0038432830478996
"1213","3/6/2016",0.00684538250789046
"1214","10/6/2016",0.00749540515244007
"1215","17/6/2016",0.00664772186428308
"1216","24/6/2016",0.00664522219449282
"1217","1/7/2016",0.0046920794993639
"1218","8/7/2016",0.00814955495297909
"1219","15/7/2016",0.00656642951071262
"1220","22/7/2016",0.00776616763323545
"1221","29/7/2016",0.00581664126366377
"1222","5/8/2016",0.005276536103338
"1223","12/8/2016",0.0070047932676971
"1224","19/8/2016",0.00585773354396224
"1225","26/8/2016",0.00467306049540639
"1226","2/9/2016",0.00467069214209914
"1227","9/9/2016",0.00640833470970392
"1228","16/9/2016",0.00763676594942808
"1229","23/9/2016",0.00763389701023698
"1230","30/9/2016",0.00903375912457705
"1231","7/10/2016",0.00555761996656656
"1232","14/10/2016",0.00700581492856145
"1233","21/10/2016",0.00761308241635561
"1234","28/10/2016",0.00760884303599596
"1235","4/11/2016",0.00554586807265878
"1236","11/11/2016",0.0089934915304184
"1237","18/11/2016",0.00788164231926203
"1238","25/11/2016",0.00787900574505329
"1239","2/12/2016",0.00787615124136209
"1240","9/12/2016",0.00786447897553444
"1241","16/12/2016",0.0117244450375438
"1242","23/12/2016",0.0275843348354101
"1243","30/12/2016",0.0116760712116957
"1244","6/1/2017",0.005516585893929
"1245","13/1/2017",0.00402128277346492
"1246","20/1/2017",0.00401945132762194
"1247","27/1/2017",0.00401748577132821
"1248","3/2/2017",0.00428488431498408
"1249","10/2/2017",0.00428304355591536
"1250","17/2/2017",0.00428119953721762
"1251","24/2/2017",0.00548833515495062
"1252","3/3/2017",0.0051896832883358
"1253","10/3/2017",0.0066684135235846
"1254","17/3/2017",0.0041343723423779
"1255","24/3/2017",0.00553176132962108
"1256","31/3/2017",0.00259974808432162
"1257","7/4/2017",0.00704829348251224
"1258","14/4/2017",0.00848079193383455
"1259","21/4/2017",0.00847435835748911
"1260","28/4/2017",0.00403025886043906
"1261","5/5/2017",0.00894830096513033
"1262","12/5/2017",0.00402743648737669
"1263","19/5/2017",0.0061425706371665
"1264","26/5/2017",0.00402410607784986
"1265","2/6/2017",0.00844051688909531
"1266","9/6/2017",0.0205634701997042
"1267","16/6/2017",0.0083876047283411
"1268","23/6/2017",0.0170149523764849
"1269","30/6/2017",0.00313446181826293
"1270","7/7/2017",0.0069557772949338
"1271","14/7/2017",0.00313206086866558
"1272","21/7/2017",0.0231496784836054
"1273","28/7/2017",0.0214662775397301
"1274","4/8/2017",0.0309860426932573
"1275","11/8/2017",0.0262681283056736
"1276","18/8/2017",0.0154929319396615
"1277","25/8/2017",0.0550241395831108
"1278","1/9/2017",0.158754453063011
"1279","8/9/2017",0.0399905405938625
"1280","15/9/2017",0.132909998297691
"1281","22/9/2017",0.269152134656906
"1282","29/9/2017",0.0758839771151543
"1283","6/10/2017",0.0382353812456131
"1284","13/10/2017",0.0753175690770149
"1285","20/10/2017",0.154783844947815
"1286","27/10/2017",0.0382126420736313
"1287","3/11/2017",0.0711142271757126
"1288","10/11/2017",0.0338117964565754
"1289","17/11/2017",0.0281438827514648
"1290","24/11/2017",0.0205331351608038
"1291","1/12/2017",0.0742679610848427
"1292","8/12/2017",0.0486674606800079
"1293","15/12/2017",0.0261343903839588
"1294","22/12/2017",0.0259648878127337
"1295","29/12/2017",0.0276443921029568
"1296","5/1/2018",0.0244112703949213
"1297","12/1/2018",0.0506539419293404
"1298","19/1/2018",0.00849122274667025
"1299","26/1/2018",0.00949860736727715
"1300","2/2/2018",0.0322853811085224
"1301","9/2/2018",0.00451059127226472
"1302","16/2/2018",0.0042700101621449
"1303","23/2/2018",0.00975568033754826
"1304","2/3/2018",0.00738021777942777
"1305","9/3/2018",0.00737353134900331
"1306","16/3/2018",0.0269016288220882
"1307","23/3/2018",0.0065479944460094
"1308","30/3/2018",0.00415069982409477
"1309","6/4/2018",0.00478339660912752
"1310","13/4/2018",0.0086803836748004
"1311","20/4/2018",0.021591829136014
"1312","27/4/2018",0.0255581103265285
"1313","4/5/2018",0.0169663392007351
"1314","11/5/2018",0.0220991112291813
