"","Y_date","X0.0201661456376314"
"1","3/9/1993",0.0201661456376314
"2","10/9/1993",0.0164196658879519
"3","17/9/1993",0.0222248733043671
"4","24/9/1993",0.0230910126119852
"5","1/10/1993",0.0103178638964891
"6","8/10/1993",0.0155797926709056
"7","15/10/1993",0.0117924259975553
"8","22/10/1993",0.024927107617259
"9","29/10/1993",0.0108305793255568
"10","5/11/1993",0.0502243712544441
"11","12/11/1993",0.0130036985501647
"12","19/11/1993",0.013984452933073
"13","26/11/1993",0.00634592399001122
"14","3/12/1993",0.00609520170837641
"15","10/12/1993",0.018957344815135
"16","17/12/1993",0.0230932869017124
"17","24/12/1993",0.00598889077082276
"18","31/12/1993",0.0443937703967094
"19","7/1/1994",0.112880736589432
"20","14/1/1994",0.1390460729599
"21","21/1/1994",0.330360502004623
"22","28/1/1994",0.0109033966436982
"23","4/2/1994",0.0425722040235996
"24","11/2/1994",0.0150314131751657
"25","18/2/1994",0.788885235786438
"26","25/2/1994",0.0394966900348663
"27","4/3/1994",0.0231698639690876
"28","11/3/1994",0.0473166257143021
"29","18/3/1994",0.0350991971790791
"30","25/3/1994",0.0719638988375664
"31","1/4/1994",0.228902846574783
"32","8/4/1994",0.0789283141493797
"33","15/4/1994",0.0245277360081673
"34","22/4/1994",0.00967996660619974
"35","29/4/1994",0.0504543744027615
"36","6/5/1994",0.0342096015810966
"37","13/5/1994",0.0102164633572102
"38","20/5/1994",0.0200551096349955
"39","27/5/1994",0.0883425250649452
"40","3/6/1994",0.112573429942131
"41","10/6/1994",0.174918130040169
"42","17/6/1994",0.0245309825986624
"43","24/6/1994",0.0491228811442852
"44","1/7/1994",0.0159860420972109
"45","8/7/1994",0.0502138510346413
"46","15/7/1994",0.0899776667356491
"47","22/7/1994",0.0436411499977112
"48","29/7/1994",0.0170057434588671
"49","5/8/1994",0.00709656300023198
"50","12/8/1994",0.0245559774339199
"51","19/8/1994",0.0356701537966728
"52","26/8/1994",0.129801675677299
"53","2/9/1994",0.0174684412777424
"54","9/9/1994",0.0629768595099449
"55","16/9/1994",0.0471676215529442
"56","23/9/1994",0.158947482705116
"57","30/9/1994",0.0502128265798092
"58","7/10/1994",0.0530592016875744
"59","14/10/1994",0.0397363789379597
"60","21/10/1994",0.0140653261914849
"61","28/10/1994",0.122992515563965
"62","4/11/1994",0.0308886487036943
"63","11/11/1994",0.645255327224731
"64","18/11/1994",0.00656599970534444
"65","25/11/1994",0.020079430192709
"66","2/12/1994",0.0434225387871265
"67","9/12/1994",0.0745004042983055
"68","16/12/1994",0.0364312194287777
"69","23/12/1994",0.352744549512863
"70","30/12/1994",0.104146257042885
"71","6/1/1995",0.244987517595291
"72","13/1/1995",0.00847180653363466
"73","20/1/1995",0.0323469452559948
"74","27/1/1995",0.0251339208334684
"75","3/2/1995",0.155586585402489
"76","10/2/1995",0.00800851918756962
"77","17/2/1995",0.0110771525651217
"78","24/2/1995",0.0304853338748217
"79","3/3/1995",0.0158826056867838
"80","10/3/1995",0.0256153363734484
"81","17/3/1995",0.01162488758564
"82","24/3/1995",0.0346180163323879
"83","31/3/1995",0.0176500268280506
"84","7/4/1995",0.0174970347434282
"85","14/4/1995",0.00946804601699114
"86","21/4/1995",0.0274551901966333
"87","28/4/1995",0.00883411429822445
"88","5/5/1995",0.0273121781647205
"89","12/5/1995",0.0369757227599621
"90","19/5/1995",0.00911756511777639
"91","26/5/1995",0.0216521304100752
"92","2/6/1995",0.0202788803726435
"93","9/6/1995",0.0134675148874521
"94","16/6/1995",0.0889151692390442
"95","23/6/1995",0.0234521124511957
"96","30/6/1995",0.0125797716900706
"97","7/7/1995",0.0276376567780972
"98","14/7/1995",0.0544461384415627
"99","21/7/1995",0.0465655848383904
"100","28/7/1995",0.0505508109927177
"101","4/8/1995",0.0355506166815758
"102","11/8/1995",0.039597038179636
"103","18/8/1995",0.00925206299871206
"104","25/8/1995",0.0186164434999228
"105","1/9/1995",0.0218724459409714
"106","8/9/1995",0.0120124602690339
"107","15/9/1995",0.0124859064817429
"108","22/9/1995",0.013050489127636
"109","29/9/1995",0.0133196944370866
"110","6/10/1995",0.032735001295805
"111","13/10/1995",0.0114179784432054
"112","20/10/1995",0.0261395908892155
"113","27/10/1995",0.0172932390123606
"114","3/11/1995",0.0174954459071159
"115","10/11/1995",0.0276922415941954
"116","17/11/1995",0.0130526516586542
"117","24/11/1995",0.0993080660700798
"118","1/12/1995",0.0503493957221508
"119","8/12/1995",0.00947693549096584
"120","15/12/1995",0.0170025154948235
"121","22/12/1995",0.0904718860983849
"122","29/12/1995",0.0211354587227106
"123","5/1/1996",0.0280829947441816
"124","12/1/1996",0.0316479057073593
"125","19/1/1996",0.682845413684845
"126","26/1/1996",0.392213374376297
"127","2/2/1996",0.53096204996109
"128","9/2/1996",0.292244225740433
"129","16/2/1996",0.810223817825317
"130","23/2/1996",0.105913922190666
"131","1/3/1996",0.340647488832474
"132","8/3/1996",0.469372570514679
"133","15/3/1996",0.750252842903137
"134","22/3/1996",0.15004974603653
"135","29/3/1996",0.277012526988983
"136","5/4/1996",0.194091320037842
"137","12/4/1996",0.131033599376678
"138","19/4/1996",0.104816466569901
"139","26/4/1996",0.025739936158061
"140","3/5/1996",0.130375131964684
"141","10/5/1996",0.101158946752548
"142","17/5/1996",0.257737934589386
"143","24/5/1996",0.184353277087212
"144","31/5/1996",0.0336084589362144
"145","7/6/1996",0.0654618963599205
"146","14/6/1996",0.144512534141541
"147","21/6/1996",0.186837390065193
"148","28/6/1996",0.106059156358242
"149","5/7/1996",0.0285051669925451
"150","12/7/1996",0.0571146756410599
"151","19/7/1996",0.0129766995087266
"152","26/7/1996",0.0516375489532948
"153","2/8/1996",0.0584724545478821
"154","9/8/1996",0.0367148853838444
"155","16/8/1996",0.00679502729326487
"156","23/8/1996",0.0155930127948523
"157","30/8/1996",0.0243111941963434
"158","6/9/1996",0.0275375116616488
"159","13/9/1996",0.0524286441504955
"160","20/9/1996",0.0102505851536989
"161","27/9/1996",0.0121770976111293
"162","4/10/1996",0.0151708219200373
"163","11/10/1996",0.0265532545745373
"164","18/10/1996",0.011314538307488
"165","25/10/1996",0.00642070360481739
"166","1/11/1996",0.0101827178150415
"167","8/11/1996",0.111348457634449
"168","15/11/1996",0.0927391350269318
"169","22/11/1996",0.00618831068277359
"170","29/11/1996",0.0105341449379921
"171","6/12/1996",0.0283197946846485
"172","13/12/1996",0.0108515238389373
"173","20/12/1996",0.00614030659198761
"174","27/12/1996",0.0923226326704025
"175","3/1/1997",0.0507911965250969
"176","10/1/1997",0.0687490850687027
"177","17/1/1997",0.136675626039505
"178","24/1/1997",0.081366129219532
"179","31/1/1997",0.0460862070322037
"180","7/2/1997",0.0180988945066929
"181","14/2/1997",0.102284573018551
"182","21/2/1997",0.0504115037620068
"183","28/2/1997",0.0134150385856628
"184","7/3/1997",0.136615380644798
"185","14/3/1997",0.304604202508926
"186","21/3/1997",0.0423013269901276
"187","28/3/1997",0.0799873694777489
"188","4/4/1997",0.0191372744739056
"189","11/4/1997",0.238483518362045
"190","18/4/1997",0.290258139371872
"191","25/4/1997",0.162570983171463
"192","2/5/1997",0.0594150722026825
"193","9/5/1997",0.0546394363045692
"194","16/5/1997",0.117452368140221
"195","23/5/1997",0.0108405668288469
"196","30/5/1997",0.119082100689411
"197","6/6/1997",0.0699349716305733
"198","13/6/1997",0.0488844886422157
"199","20/6/1997",0.0808197930455208
"200","27/6/1997",0.0374328717589378
"201","4/7/1997",0.0271085575222969
"202","11/7/1997",0.218206033110619
"203","18/7/1997",0.318215489387512
"204","25/7/1997",0.0371674112975597
"205","1/8/1997",0.370061665773392
"206","8/8/1997",0.0381592363119125
"207","15/8/1997",0.422634899616241
"208","22/8/1997",0.0316989794373512
"209","29/8/1997",0.0568466782569885
"210","5/9/1997",0.0738763511180878
"211","12/9/1997",0.20497627556324
"212","19/9/1997",0.245381385087967
"213","26/9/1997",0.478534370660782
"214","3/10/1997",0.497569382190704
"215","10/10/1997",0.329254001379013
"216","17/10/1997",0.263916581869125
"217","24/10/1997",0.203454583883286
"218","31/10/1997",0.044292263686657
"219","7/11/1997",0.0198567882180214
"220","14/11/1997",0.40609946846962
"221","21/11/1997",0.0810309499502182
"222","28/11/1997",0.0374370440840721
"223","5/12/1997",0.131776466965675
"224","12/12/1997",0.398443877696991
"225","19/12/1997",0.165548950433731
"226","26/12/1997",0.108481027185917
"227","2/1/1998",0.205889329314232
"228","9/1/1998",0.110594898462296
"229","16/1/1998",0.379375517368317
"230","23/1/1998",0.0779919549822807
"231","30/1/1998",0.225538939237595
"232","6/2/1998",0.242735311388969
"233","13/2/1998",0.262389272451401
"234","20/2/1998",0.0343126989901066
"235","27/2/1998",0.0946136564016342
"236","6/3/1998",0.0436167977750301
"237","13/3/1998",0.118358075618744
"238","20/3/1998",0.0553058944642544
"239","27/3/1998",0.0711656659841537
"240","3/4/1998",0.0597977750003338
"241","10/4/1998",0.104673072695732
"242","17/4/1998",0.129428282380104
"243","24/4/1998",0.444107592105865
"244","1/5/1998",0.737854838371277
"245","8/5/1998",0.185796663165092
"246","15/5/1998",0.157721072435379
"247","22/5/1998",0.0362548865377903
"248","29/5/1998",0.109636142849922
"249","5/6/1998",0.140954926609993
"250","12/6/1998",0.0387890599668026
"251","19/6/1998",0.099587008357048
"252","26/6/1998",0.485658884048462
"253","3/7/1998",0.0820313692092896
"254","10/7/1998",0.370967447757721
"255","17/7/1998",0.121489174664021
"256","24/7/1998",0.0928522273898125
"257","31/7/1998",0.298431843519211
"258","7/8/1998",0.400689393281937
"259","14/8/1998",0.0172506663948298
"260","21/8/1998",0.0495352149009705
"261","28/8/1998",0.02224101126194
"262","4/9/1998",0.037048477679491
"263","11/9/1998",0.0210323724895716
"264","18/9/1998",0.0166884195059538
"265","25/9/1998",0.119886554777622
"266","2/10/1998",0.0458000116050243
"267","9/10/1998",0.0774442926049232
"268","16/10/1998",0.435077875852585
"269","23/10/1998",0.0956819951534271
"270","30/10/1998",0.0301850438117981
"271","6/11/1998",0.115552440285683
"272","13/11/1998",0.138408899307251
"273","20/11/1998",0.0821832939982414
"274","27/11/1998",0.125002309679985
"275","4/12/1998",0.0607920475304127
"276","11/12/1998",0.119600884616375
"277","18/12/1998",0.102269396185875
"278","25/12/1998",0.044262420386076
"279","1/1/1999",0.122479543089867
"280","8/1/1999",0.0768458470702171
"281","15/1/1999",0.136520087718964
"282","22/1/1999",0.0673844665288925
"283","29/1/1999",0.148808568716049
"284","5/2/1999",0.0878996625542641
"285","12/2/1999",0.0752295330166817
"286","19/2/1999",0.073795773088932
"287","26/2/1999",0.249177247285843
"288","5/3/1999",0.213874235749245
"289","12/3/1999",0.208860382437706
"290","19/3/1999",0.392147600650787
"291","26/3/1999",0.24560409784317
"292","2/4/1999",0.189848363399506
"293","9/4/1999",0.118792667984962
"294","16/4/1999",0.135066643357277
"295","23/4/1999",0.744429171085358
"296","30/4/1999",0.21460585296154
"297","7/5/1999",0.139277532696724
"298","14/5/1999",0.339779883623123
"299","21/5/1999",0.160299479961395
"300","28/5/1999",0.149509415030479
"301","4/6/1999",0.307912856340408
"302","11/6/1999",0.124421454966068
"303","18/6/1999",0.769938230514526
"304","25/6/1999",0.694614768028259
"305","2/7/1999",0.165752097964287
"306","9/7/1999",0.117725163698196
"307","16/7/1999",0.225314974784851
"308","23/7/1999",0.0344794392585754
"309","30/7/1999",0.432357728481293
"310","6/8/1999",0.132801413536072
"311","13/8/1999",0.163403242826462
"312","20/8/1999",0.295229077339172
"313","27/8/1999",0.0804155468940735
"314","3/9/1999",0.0659935772418976
"315","10/9/1999",0.0182895921170712
"316","17/9/1999",0.215503230690956
"317","24/9/1999",0.0224095452576876
"318","1/10/1999",0.00852993037551641
"319","8/10/1999",0.0406848378479481
"320","15/10/1999",0.0641559138894081
"321","22/10/1999",0.121818542480469
"322","29/10/1999",0.0577525123953819
"323","5/11/1999",0.0329500399529934
"324","12/11/1999",0.0803002044558525
"325","19/11/1999",0.13403083384037
"326","26/11/1999",0.0144200948998332
"327","3/12/1999",0.0307343285530806
"328","10/12/1999",0.0400545559823513
"329","17/12/1999",0.082476831972599
"330","24/12/1999",0.148589551448822
"331","31/12/1999",0.226299226284027
"332","7/1/2000",0.340638905763626
"333","14/1/2000",0.31364381313324
"334","21/1/2000",0.586061775684357
"335","28/1/2000",0.110724523663521
"336","4/2/2000",0.196119636297226
"337","11/2/2000",0.0780989155173302
"338","18/2/2000",0.338975608348846
"339","25/2/2000",0.0403247140347958
"340","3/3/2000",0.093524269759655
"341","10/3/2000",0.216154351830482
"342","17/3/2000",0.306636571884155
"343","24/3/2000",0.152939185500145
"344","31/3/2000",0.522863805294037
"345","7/4/2000",0.388020664453506
"346","14/4/2000",0.252059578895569
"347","21/4/2000",0.336415588855743
"348","28/4/2000",0.0230495911091566
"349","5/5/2000",0.159219741821289
"350","12/5/2000",0.207172676920891
"351","19/5/2000",0.168801292777061
"352","26/5/2000",0.051949754357338
"353","2/6/2000",0.0883366838097572
"354","9/6/2000",0.0375255532562733
"355","16/6/2000",0.0236855298280716
"356","23/6/2000",0.0973790362477303
"357","30/6/2000",0.147080987691879
"358","7/7/2000",0.0291228014975786
"359","14/7/2000",0.0404032282531261
"360","21/7/2000",0.0392915867269039
"361","28/7/2000",0.168591767549515
"362","4/8/2000",0.0508375950157642
"363","11/8/2000",0.0287718269973993
"364","18/8/2000",0.0350070521235466
"365","25/8/2000",0.0787274539470673
"366","1/9/2000",0.00922996457666159
"367","8/9/2000",0.0213408041745424
"368","15/9/2000",0.0943299680948257
"369","22/9/2000",0.078282430768013
"370","29/9/2000",0.166585773229599
"371","6/10/2000",0.0746519491076469
"372","13/10/2000",0.273390561342239
"373","20/10/2000",0.103670723736286
"374","27/10/2000",0.232956737279892
"375","3/11/2000",0.101080223917961
"376","10/11/2000",0.0713718608021736
"377","17/11/2000",0.0879890248179436
"378","24/11/2000",0.42026749253273
"379","1/12/2000",0.0127313956618309
"380","8/12/2000",0.00843991059809923
"381","15/12/2000",0.014135398901999
"382","22/12/2000",0.0164052173495293
"383","29/12/2000",0.0106764174997807
"384","5/1/2001",0.0161954630166292
"385","12/1/2001",0.0439283400774002
"386","19/1/2001",0.0130639402195811
"387","26/1/2001",0.0174540113657713
"388","2/2/2001",0.0785309448838234
"389","9/2/2001",0.0187354777008295
"390","16/2/2001",0.222227573394775
"391","23/2/2001",0.0414686016738415
"392","2/3/2001",0.0358464494347572
"393","9/3/2001",0.0923181921243668
"394","16/3/2001",0.011370699852705
"395","23/3/2001",0.0360121801495552
"396","30/3/2001",0.0951594039797783
"397","6/4/2001",0.0255438536405563
"398","13/4/2001",0.366823583841324
"399","20/4/2001",0.0270599778741598
"400","27/4/2001",0.231823101639748
"401","4/5/2001",0.168714255094528
"402","11/5/2001",0.027723541483283
"403","18/5/2001",0.0806123316287994
"404","25/5/2001",0.0141020137816668
"405","1/6/2001",0.0620643086731434
"406","8/6/2001",0.142594233155251
"407","15/6/2001",0.0161379668861628
"408","22/6/2001",0.0139669943600893
"409","29/6/2001",0.0234798546880484
"410","6/7/2001",0.0398639254271984
"411","13/7/2001",0.0982869043946266
"412","20/7/2001",0.207143723964691
"413","27/7/2001",0.0325510948896408
"414","3/8/2001",0.378520727157593
"415","10/8/2001",0.231112062931061
"416","17/8/2001",0.129026845097542
"417","24/8/2001",0.338014751672745
"418","31/8/2001",0.0371381230652332
"419","7/9/2001",0.0509095452725887
"420","14/9/2001",0.0706600770354271
"421","21/9/2001",0.43509042263031
"422","28/9/2001",0.0653055533766747
"423","5/10/2001",0.376696318387985
"424","12/10/2001",0.0147599028423429
"425","19/10/2001",0.102964475750923
"426","26/10/2001",0.0187176503241062
"427","2/11/2001",0.186672061681747
"428","9/11/2001",0.0271065887063742
"429","16/11/2001",0.198136180639267
"430","23/11/2001",0.0346015691757202
"431","30/11/2001",0.0145618449896574
"432","7/12/2001",0.109749868512154
"433","14/12/2001",0.30480769276619
"434","21/12/2001",0.427320271730423
"435","28/12/2001",0.0809002891182899
"436","4/1/2002",0.269709438085556
"437","11/1/2002",0.17042401432991
"438","18/1/2002",0.105877168476582
"439","25/1/2002",0.104642368853092
"440","1/2/2002",0.0380919389426708
"441","8/2/2002",0.0387783162295818
"442","15/2/2002",0.0706479102373123
"443","22/2/2002",0.0420779809355736
"444","1/3/2002",0.171170547604561
"445","8/3/2002",0.122650310397148
"446","15/3/2002",0.0789689645171165
"447","22/3/2002",0.0205404795706272
"448","29/3/2002",0.441663295030594
"449","5/4/2002",0.0573814176023006
"450","12/4/2002",0.18807952105999
"451","19/4/2002",0.0460049621760845
"452","26/4/2002",0.0889730378985405
"453","3/5/2002",0.284494370222092
"454","10/5/2002",0.121424943208694
"455","17/5/2002",0.757826209068298
"456","24/5/2002",0.107728540897369
"457","31/5/2002",0.206064745783806
"458","7/6/2002",0.183165848255157
"459","14/6/2002",0.430164456367493
"460","21/6/2002",0.206675574183464
"461","28/6/2002",0.29020944237709
"462","5/7/2002",0.047300711274147
"463","12/7/2002",0.0975181013345718
"464","19/7/2002",0.245275020599365
"465","26/7/2002",0.145888432860374
"466","2/8/2002",0.100012488663197
"467","9/8/2002",0.0319951213896275
"468","16/8/2002",0.0124782547354698
"469","23/8/2002",0.505599200725555
"470","30/8/2002",0.0125114908441901
"471","6/9/2002",0.126621931791306
"472","13/9/2002",0.0222258381545544
"473","20/9/2002",0.178767114877701
"474","27/9/2002",0.057112954556942
"475","4/10/2002",0.138312503695488
"476","11/10/2002",0.454429924488068
"477","18/10/2002",0.0603878386318684
"478","25/10/2002",0.0535763204097748
"479","1/11/2002",0.0328533910214901
"480","8/11/2002",0.0298262685537338
"481","15/11/2002",0.0126497838646173
"482","22/11/2002",0.00853864103555679
"483","29/11/2002",0.019993269816041
"484","6/12/2002",0.00610991381108761
"485","13/12/2002",0.0184937566518784
"486","20/12/2002",0.154698804020882
"487","27/12/2002",0.105372406542301
"488","3/1/2003",0.0236985441297293
"489","10/1/2003",0.0584747903048992
"490","17/1/2003",0.0271569527685642
"491","24/1/2003",0.0276390668004751
"492","31/1/2003",0.0209994334727526
"493","7/2/2003",0.014165498316288
"494","14/2/2003",0.0231762155890465
"495","21/2/2003",0.0276267919689417
"496","28/2/2003",0.027973834425211
"497","7/3/2003",0.00800173729658127
"498","14/3/2003",0.0289238430559635
"499","21/3/2003",0.00592708401381969
"500","28/3/2003",0.0102068716660142
"501","4/4/2003",0.0143118901178241
"502","11/4/2003",0.00650750938802958
"503","18/4/2003",0.00827896315604448
"504","25/4/2003",0.00398722104728222
"505","2/5/2003",0.00387212680652738
"506","9/5/2003",0.00760210584849119
"507","16/5/2003",0.0116197662428021
"508","23/5/2003",0.00496763503178954
"509","30/5/2003",0.00526013132184744
"510","6/6/2003",0.00559941679239273
"511","13/6/2003",0.0156941879540682
"512","20/6/2003",0.0220239441841841
"513","27/6/2003",0.100021220743656
"514","4/7/2003",0.0283378697931767
"515","11/7/2003",0.00792246311903
"516","18/7/2003",0.0119575206190348
"517","25/7/2003",0.00583318201825023
"518","1/8/2003",0.00687920209020376
"519","8/8/2003",0.00513169541954994
"520","15/8/2003",0.00855221506208181
"521","22/8/2003",0.0579860955476761
"522","29/8/2003",0.0457751899957657
"523","5/9/2003",0.0160981230437756
"524","12/9/2003",0.0557854324579239
"525","19/9/2003",0.0318951308727264
"526","26/9/2003",0.0482550859451294
"527","3/10/2003",0.0218595284968615
"528","10/10/2003",0.0385371893644333
"529","17/10/2003",0.0135642485693097
"530","24/10/2003",0.0105288131162524
"531","31/10/2003",0.0204579941928387
"532","7/11/2003",0.0194869097322226
"533","14/11/2003",0.0187183078378439
"534","21/11/2003",0.0136048095300794
"535","28/11/2003",0.0367667898535728
"536","5/12/2003",0.0217169728130102
"537","12/12/2003",0.011151441372931
"538","19/12/2003",0.0249890778213739
"539","26/12/2003",0.0137959094718099
"540","2/1/2004",0.00613980600610375
"541","9/1/2004",0.00947526656091213
"542","16/1/2004",0.0096541503444314
"543","23/1/2004",0.00869329739362001
"544","30/1/2004",0.00887417700141668
"545","6/2/2004",0.0105605842545629
"546","13/2/2004",0.0313283652067184
"547","20/2/2004",0.0177116021513939
"548","27/2/2004",0.0346509404480457
"549","5/3/2004",0.0332202240824699
"550","12/3/2004",0.048154141753912
"551","19/3/2004",0.0231305416673422
"552","26/3/2004",0.0207115989178419
"553","2/4/2004",0.0948230996727943
"554","9/4/2004",0.0320823788642883
"555","16/4/2004",0.0779876112937927
"556","23/4/2004",0.129050239920616
"557","30/4/2004",0.18184520304203
"558","7/5/2004",0.144531533122063
"559","14/5/2004",0.0338283404707909
"560","21/5/2004",0.263391315937042
"561","28/5/2004",0.0468944385647774
"562","4/6/2004",0.0629450231790543
"563","11/6/2004",0.049242727458477
"564","18/6/2004",0.0253667254000902
"565","25/6/2004",0.0152825061231852
"566","2/7/2004",0.021407138556242
"567","9/7/2004",0.351726561784744
"568","16/7/2004",0.00801167171448469
"569","23/7/2004",0.0159428734332323
"570","30/7/2004",0.0154239293187857
"571","6/8/2004",0.0466956682503223
"572","13/8/2004",0.030996048822999
"573","20/8/2004",0.0288360808044672
"574","27/8/2004",0.0386852696537971
"575","3/9/2004",0.0344458222389221
"576","10/9/2004",0.017445083707571
"577","17/9/2004",0.0398530326783657
"578","24/9/2004",0.0630979761481285
"579","1/10/2004",0.0147212808951735
"580","8/10/2004",0.00680486252531409
"581","15/10/2004",0.0147891938686371
"582","22/10/2004",0.0206658784300089
"583","29/10/2004",0.0120399547740817
"584","5/11/2004",0.0206891987472773
"585","12/11/2004",0.0204654186964035
"586","19/11/2004",0.0148480106145144
"587","26/11/2004",0.00873059406876564
"588","3/12/2004",0.00700881099328399
"589","10/12/2004",0.0532629229128361
"590","17/12/2004",0.0170446932315826
"591","24/12/2004",0.0121904285624623
"592","31/12/2004",0.0154337733983994
"593","7/1/2005",0.0333339124917984
"594","14/1/2005",0.0234253760427237
"595","21/1/2005",0.0426931045949459
"596","28/1/2005",0.0413764715194702
"597","4/2/2005",0.0183404944837093
"598","11/2/2005",0.00632997788488865
"599","18/2/2005",0.0112735601142049
"600","25/2/2005",0.00967862643301487
"601","4/3/2005",0.0100678969174623
"602","11/3/2005",0.0120043475180864
"603","18/3/2005",0.17181670665741
"604","25/3/2005",0.03409693390131
"605","1/4/2005",0.0187390185892582
"606","8/4/2005",0.0367566160857677
"607","15/4/2005",0.0235626250505447
"608","22/4/2005",0.055462159216404
"609","29/4/2005",0.0419437699019909
"610","6/5/2005",0.0213016923516989
"611","13/5/2005",0.0526553131639957
"612","20/5/2005",0.0201232638210058
"613","27/5/2005",0.0460231117904186
"614","3/6/2005",0.0234329253435135
"615","10/6/2005",0.13947881758213
"616","17/6/2005",0.0764300301671028
"617","24/6/2005",0.0334237366914749
"618","1/7/2005",0.0325625129044056
"619","8/7/2005",0.027305830270052
"620","15/7/2005",0.0171257648617029
"621","22/7/2005",0.00763873150572181
"622","29/7/2005",0.0381381288170815
"623","5/8/2005",0.0121562648564577
"624","12/8/2005",0.035604439675808
"625","19/8/2005",0.0265066381543875
"626","26/8/2005",0.0304085202515125
"627","2/9/2005",0.0266550723463297
"628","9/9/2005",0.0569591596722603
"629","16/9/2005",0.0146261127665639
"630","23/9/2005",0.0159860495477915
"631","30/9/2005",0.0157500840723515
"632","7/10/2005",0.0190601479262114
"633","14/10/2005",0.0360762998461723
"634","21/10/2005",0.032929040491581
"635","28/10/2005",0.0317763686180115
"636","4/11/2005",0.0157071221619844
"637","11/11/2005",0.0408215038478374
"638","18/11/2005",0.0112771159037948
"639","25/11/2005",0.0526603162288666
"640","2/12/2005",0.00841181259602308
"641","9/12/2005",0.0133577864617109
"642","16/12/2005",0.0265502668917179
"643","23/12/2005",0.0137332044541836
"644","30/12/2005",0.0608117617666721
"645","6/1/2006",0.011625244282186
"646","13/1/2006",0.00971339643001556
"647","20/1/2006",0.0186252351850271
"648","27/1/2006",0.00621265731751919
"649","3/2/2006",0.00708520179614425
"650","10/2/2006",0.00908696092665195
"651","17/2/2006",0.0110253877937794
"652","24/2/2006",0.0154037047177553
"653","3/3/2006",0.00708859786391258
"654","10/3/2006",0.0113728549331427
"655","17/3/2006",0.00950760208070278
"656","24/3/2006",0.0298292152583599
"657","31/3/2006",0.0209898892790079
"658","7/4/2006",0.0218224842101336
"659","14/4/2006",0.036391694098711
"660","21/4/2006",0.0298344362527132
"661","28/4/2006",0.0118522718548775
"662","5/5/2006",0.00951386801898479
"663","12/5/2006",0.0415812954306602
"664","19/5/2006",0.00650016032159328
"665","26/5/2006",0.00805878918617964
"666","2/6/2006",0.0164746716618538
"667","9/6/2006",0.00928540714085102
"668","16/6/2006",0.107457756996155
"669","23/6/2006",0.00970815494656563
"670","30/6/2006",0.0138532863929868
"671","7/7/2006",0.0186275448650122
"672","14/7/2006",0.00696477433666587
"673","21/7/2006",0.0189933832734823
"674","28/7/2006",0.0416416078805923
"675","4/8/2006",0.0215186402201653
"676","11/8/2006",0.00986049231141806
"677","18/8/2006",0.025027709081769
"678","25/8/2006",0.0131396101787686
"679","1/9/2006",0.0144315389916301
"680","8/9/2006",0.00763478549197316
"681","15/9/2006",0.0155983055010438
"682","22/9/2006",0.0273124985396862
"683","29/9/2006",0.0569862276315689
"684","6/10/2006",0.0160737540572882
"685","13/10/2006",0.0250323042273521
"686","20/10/2006",0.0282861702144146
"687","27/10/2006",0.022486487403512
"688","3/11/2006",0.0609305426478386
"689","10/11/2006",0.0249726735055447
"690","17/11/2006",0.0411537289619446
"691","24/11/2006",0.0283860433846712
"692","1/12/2006",0.00743614323437214
"693","8/12/2006",0.0116492882370949
"694","15/12/2006",0.0146983917802572
"695","22/12/2006",0.00589145394042134
"696","29/12/2006",0.020207092165947
"697","5/1/2007",0.0136421341449022
"698","12/1/2007",0.0156009197235107
"699","19/1/2007",0.0115437004715204
"700","26/1/2007",0.0283682011067867
"701","2/2/2007",0.302925229072571
"702","9/2/2007",0.0247996542602777
"703","16/2/2007",0.0898992195725441
"704","23/2/2007",0.028336675837636
"705","2/3/2007",0.148572847247124
"706","9/3/2007",0.035456445068121
"707","16/3/2007",0.0442913062870502
"708","23/3/2007",0.0238158386200666
"709","30/3/2007",0.0553252436220646
"710","6/4/2007",0.0171984247863293
"711","13/4/2007",0.0137488301843405
"712","20/4/2007",0.00654076132923365
"713","27/4/2007",0.067775271832943
"714","4/5/2007",0.0682220980525017
"715","11/5/2007",0.106417454779148
"716","18/5/2007",0.0137576842680573
"717","25/5/2007",0.0287102945148945
"718","1/6/2007",0.0253420453518629
"719","8/6/2007",0.0122111979871988
"720","15/6/2007",0.00742703303694725
"721","22/6/2007",0.0377795323729515
"722","29/6/2007",0.272631287574768
"723","6/7/2007",0.0122288502752781
"724","13/7/2007",0.00995014421641827
"725","20/7/2007",0.203711897134781
"726","27/7/2007",0.0814799219369888
"727","3/8/2007",0.212084144353867
"728","10/8/2007",0.392144173383713
"729","17/8/2007",0.0750647559762001
"730","24/8/2007",0.0998135358095169
"731","31/8/2007",0.124455332756042
"732","7/9/2007",0.111835822463036
"733","14/9/2007",0.175467595458031
"734","21/9/2007",0.140957206487656
"735","28/9/2007",0.141649857163429
"736","5/10/2007",0.0964210778474808
"737","12/10/2007",0.296370416879654
"738","19/10/2007",0.123117528855801
"739","26/10/2007",0.475125253200531
"740","2/11/2007",0.103863097727299
"741","9/11/2007",0.242614954710007
"742","16/11/2007",0.117368914186954
"743","23/11/2007",0.0888459980487823
"744","30/11/2007",0.0670433267951012
"745","7/12/2007",0.186118304729462
"746","14/12/2007",0.0664395242929459
"747","21/12/2007",0.132663622498512
"748","28/12/2007",0.120002657175064
"749","4/1/2008",0.0720487758517265
"750","11/1/2008",0.53313684463501
"751","18/1/2008",0.0707917213439941
"752","25/1/2008",0.148999586701393
"753","1/2/2008",0.0670594796538353
"754","8/2/2008",0.131018415093422
"755","15/2/2008",0.0491942949593067
"756","22/2/2008",0.0567362271249294
"757","29/2/2008",0.0473093166947365
"758","7/3/2008",0.0239604339003563
"759","14/3/2008",0.0928773805499077
"760","21/3/2008",0.0427988357841969
"761","28/3/2008",0.0553755201399326
"762","4/4/2008",0.217091530561447
"763","11/4/2008",0.134846761822701
"764","18/4/2008",0.167579248547554
"765","25/4/2008",0.238409712910652
"766","2/5/2008",0.047233447432518
"767","9/5/2008",0.0976828262209892
"768","16/5/2008",0.057910542935133
"769","23/5/2008",0.115992076694965
"770","30/5/2008",0.099078580737114
"771","6/6/2008",0.0433899275958538
"772","13/6/2008",0.0418041944503784
"773","20/6/2008",0.273032039403915
"774","27/6/2008",0.113776914775372
"775","4/7/2008",0.266405344009399
"776","11/7/2008",0.0729206427931786
"777","18/7/2008",0.105416722595692
"778","25/7/2008",0.0478454977273941
"779","1/8/2008",0.0374433882534504
"780","8/8/2008",0.511611938476562
"781","15/8/2008",0.12877131998539
"782","22/8/2008",0.0560933277010918
"783","29/8/2008",0.0559347569942474
"784","5/9/2008",0.085333563387394
"785","12/9/2008",0.103860303759575
"786","19/9/2008",0.114271320402622
"787","26/9/2008",0.228364795446396
"788","3/10/2008",0.0795073732733727
"789","10/10/2008",0.493071407079697
"790","17/10/2008",0.418930113315582
"791","24/10/2008",0.10361185669899
"792","31/10/2008",0.102675586938858
"793","7/11/2008",0.0999421179294586
"794","14/11/2008",0.0171503257006407
"795","21/11/2008",0.0247742030769587
"796","28/11/2008",0.0335422269999981
"797","5/12/2008",0.0305664148181677
"798","12/12/2008",0.0335046090185642
"799","19/12/2008",0.0478311069309711
"800","26/12/2008",0.0543696321547031
"801","2/1/2009",0.0558605790138245
"802","9/1/2009",0.301547288894653
"803","16/1/2009",0.517618477344513
"804","23/1/2009",0.292834103107452
"805","30/1/2009",0.204037725925446
"806","6/2/2009",0.260881632566452
"807","13/2/2009",0.599214315414429
"808","20/2/2009",0.428562372922897
"809","27/2/2009",0.280746549367905
"810","6/3/2009",0.0400319173932076
"811","13/3/2009",0.0837999507784843
"812","20/3/2009",0.304965943098068
"813","27/3/2009",0.187021091580391
"814","3/4/2009",0.0373419336974621
"815","10/4/2009",0.0213866047561169
"816","17/4/2009",0.326871752738953
"817","24/4/2009",0.0749410465359688
"818","1/5/2009",0.0886981934309006
"819","8/5/2009",0.106406524777412
"820","15/5/2009",0.084743544459343
"821","22/5/2009",0.0385429039597511
"822","29/5/2009",0.0864911526441574
"823","5/6/2009",0.0100482506677508
"824","12/6/2009",0.0377382040023804
"825","19/6/2009",0.147880926728249
"826","26/6/2009",0.121030114591122
"827","3/7/2009",0.316232174634933
"828","10/7/2009",0.251460283994675
"829","17/7/2009",0.0374801307916641
"830","24/7/2009",0.0433257594704628
"831","31/7/2009",0.234138235449791
"832","7/8/2009",0.175395101308823
"833","14/8/2009",0.0283014103770256
"834","21/8/2009",0.0796587094664574
"835","28/8/2009",0.120070539414883
"836","4/9/2009",0.0627755299210548
"837","11/9/2009",0.306944489479065
"838","18/9/2009",0.121144063770771
"839","25/9/2009",0.160451740026474
"840","2/10/2009",0.35862609744072
"841","9/10/2009",0.230977177619934
"842","16/10/2009",0.0893021374940872
"843","23/10/2009",0.207840830087662
"844","30/10/2009",0.17601090669632
"845","6/11/2009",0.0673660114407539
"846","13/11/2009",0.149704724550247
"847","20/11/2009",0.0787973031401634
"848","27/11/2009",0.0944218933582306
"849","4/12/2009",0.239786982536316
"850","11/12/2009",0.637204527854919
"851","18/12/2009",0.311572164297104
"852","25/12/2009",0.865576982498169
"853","1/1/2010",0.153915822505951
"854","8/1/2010",0.23903614282608
"855","15/1/2010",0.506478309631348
"856","22/1/2010",0.162317767739296
"857","29/1/2010",0.219109728932381
"858","5/2/2010",0.110609717667103
"859","12/2/2010",0.0899242907762527
"860","19/2/2010",0.163025632500648
"861","26/2/2010",0.193781837821007
"862","5/3/2010",0.147708550095558
"863","12/3/2010",0.369393885135651
"864","19/3/2010",0.168504789471626
"865","26/3/2010",0.225100696086884
"866","2/4/2010",0.438300549983978
"867","9/4/2010",0.361947804689407
"868","16/4/2010",0.043088536709547
"869","23/4/2010",0.300224781036377
"870","30/4/2010",0.0342615954577923
"871","7/5/2010",0.0382500849664211
"872","14/5/2010",0.0387266017496586
"873","21/5/2010",0.0201198495924473
"874","28/5/2010",0.0651083737611771
"875","4/6/2010",0.0508246161043644
"876","11/6/2010",0.0104087311774492
"877","18/6/2010",0.0111046358942986
"878","25/6/2010",0.00946080405265093
"879","2/7/2010",0.0178862512111664
"880","9/7/2010",0.0150925479829311
"881","16/7/2010",0.0473106615245342
"882","23/7/2010",0.0180915165692568
"883","30/7/2010",0.0160089824348688
"884","6/8/2010",0.0128110367804766
"885","13/8/2010",0.0121240019798279
"886","20/8/2010",0.0109184281900525
"887","27/8/2010",0.0122414827346802
"888","3/9/2010",0.0135093992576003
"889","10/9/2010",0.014214632101357
"890","17/9/2010",0.0510234944522381
"891","24/9/2010",0.0188973657786846
"892","1/10/2010",0.024226687848568
"893","8/10/2010",0.0249580889940262
"894","15/10/2010",0.0247368011623621
"895","22/10/2010",0.0243283752351999
"896","29/10/2010",0.024246072396636
"897","5/11/2010",0.0244070589542389
"898","12/11/2010",0.0310778766870499
"899","19/11/2010",0.0172405950725079
"900","26/11/2010",0.020533949136734
"901","3/12/2010",0.00930507108569145
"902","10/12/2010",0.00985563825815916
"903","17/12/2010",0.00402445392683148
"904","24/12/2010",0.0269497539848089
"905","31/12/2010",0.00828901492059231
"906","7/1/2011",0.0159046296030283
"907","14/1/2011",0.0142068695276976
"908","21/1/2011",0.0100674787536263
"909","28/1/2011",0.0309720113873482
"910","4/2/2011",0.0120423827320337
"911","11/2/2011",0.0197890903800726
"912","18/2/2011",0.140372440218925
"913","25/2/2011",0.0774242803454399
"914","4/3/2011",0.0694865807890892
"915","11/3/2011",0.0156271662563086
"916","18/3/2011",0.0427305139601231
"917","25/3/2011",0.0277892388403416
"918","1/4/2011",0.0148798767477274
"919","8/4/2011",0.0313707292079926
"920","15/4/2011",0.026725959032774
"921","22/4/2011",0.0160098522901535
"922","29/4/2011",0.0407776869833469
"923","6/5/2011",0.0496359579265118
"924","13/5/2011",0.0204480197280645
"925","20/5/2011",0.0245983935892582
"926","27/5/2011",0.0119015676900744
"927","3/6/2011",0.0134067554026842
"928","10/6/2011",0.0284226648509502
"929","17/6/2011",0.0266976822167635
"930","24/6/2011",0.00935604516416788
"931","1/7/2011",0.0607871897518635
"932","8/7/2011",0.0342432744801044
"933","15/7/2011",0.12358944863081
"934","22/7/2011",0.416500687599182
"935","29/7/2011",0.0212827380746603
"936","5/8/2011",0.188951626420021
"937","12/8/2011",0.13422617316246
"938","19/8/2011",0.0315662324428558
"939","26/8/2011",0.530766487121582
"940","2/9/2011",0.0564466565847397
"941","9/9/2011",0.0302040949463844
"942","16/9/2011",0.0714419260621071
"943","23/9/2011",0.12605682015419
"944","30/9/2011",0.102761290967464
"945","7/10/2011",0.340291917324066
"946","14/10/2011",0.0294514670968056
"947","21/10/2011",0.268574327230453
"948","28/10/2011",0.0465573705732822
"949","4/11/2011",0.0434915944933891
"950","11/11/2011",0.107196532189846
"951","18/11/2011",0.0676301568746567
"952","25/11/2011",0.180716335773468
"953","2/12/2011",0.0424772538244724
"954","9/12/2011",0.0411467924714088
"955","16/12/2011",0.0986297428607941
"956","23/12/2011",0.0382024869322777
"957","30/12/2011",0.120251774787903
"958","6/1/2012",0.122290961444378
"959","13/1/2012",0.0557506531476974
"960","20/1/2012",0.0432742312550545
"961","27/1/2012",0.0371033027768135
"962","3/2/2012",0.044284924864769
"963","10/2/2012",0.108388587832451
"964","17/2/2012",0.203173339366913
"965","24/2/2012",0.20525199174881
"966","2/3/2012",0.0764575526118279
"967","9/3/2012",0.050131730735302
"968","16/3/2012",0.148208618164062
"969","23/3/2012",0.0270042829215527
"970","30/3/2012",0.117398768663406
"971","6/4/2012",0.0271577462553978
"972","13/4/2012",0.116535976529121
"973","20/4/2012",0.209080263972282
"974","27/4/2012",0.0256641134619713
"975","4/5/2012",0.106903672218323
"976","11/5/2012",0.0601958744227886
"977","18/5/2012",0.0076743783429265
"978","25/5/2012",0.0189017951488495
"979","1/6/2012",0.0386570394039154
"980","8/6/2012",0.0299032535403967
"981","15/6/2012",0.0194359812885523
"982","22/6/2012",0.0124561218544841
"983","29/6/2012",0.0290227383375168
"984","6/7/2012",0.0163302514702082
"985","13/7/2012",0.0237139165401459
"986","20/7/2012",0.0353950001299381
"987","27/7/2012",0.053299967199564
"988","3/8/2012",0.0259010009467602
"989","10/8/2012",0.0626202151179314
"990","17/8/2012",0.0409891121089458
"991","24/8/2012",0.0173121448606253
"992","31/8/2012",0.0172669943422079
"993","7/9/2012",0.072455883026123
"994","14/9/2012",0.0608075298368931
"995","21/9/2012",0.0310514122247696
"996","28/9/2012",0.0549165122210979
"997","5/10/2012",0.0330641455948353
"998","12/10/2012",0.0335993431508541
"999","19/10/2012",0.00871219113469124
"1000","26/10/2012",0.0347324423491955
"1001","2/11/2012",0.0375537499785423
"1002","9/11/2012",0.00778154144063592
"1003","16/11/2012",0.0124684097245336
"1004","23/11/2012",0.0217506159096956
"1005","30/11/2012",0.0212329346686602
"1006","7/12/2012",0.0185490250587463
"1007","14/12/2012",0.0322296358644962
"1008","21/12/2012",0.0497826635837555
"1009","28/12/2012",0.0351511389017105
"1010","4/1/2013",0.0511294938623905
"1011","11/1/2013",0.0176451746374369
"1012","18/1/2013",0.028752138838172
"1013","25/1/2013",0.0282468721270561
"1014","1/2/2013",0.0324512161314487
"1015","8/2/2013",0.0429618656635284
"1016","15/2/2013",0.00906854681670666
"1017","22/2/2013",0.0122293457388878
"1018","1/3/2013",0.00545821571722627
"1019","8/3/2013",0.0127459317445755
"1020","15/3/2013",0.0178051069378853
"1021","22/3/2013",0.0279122497886419
"1022","29/3/2013",0.0089553315192461
"1023","5/4/2013",0.0166300851851702
"1024","12/4/2013",0.014810997992754
"1025","19/4/2013",0.0188671946525574
"1026","26/4/2013",0.00962960813194513
"1027","3/5/2013",0.00804314110428095
"1028","10/5/2013",0.0177509840577841
"1029","17/5/2013",0.0091452207416296
"1030","24/5/2013",0.00600484199821949
"1031","31/5/2013",0.0105429152026772
"1032","7/6/2013",0.0325053259730339
"1033","14/6/2013",0.0353375375270844
"1034","21/6/2013",0.0278975367546082
"1035","28/6/2013",0.0194707531481981
"1036","5/7/2013",0.00981804169714451
"1037","12/7/2013",0.0197332855314016
"1038","19/7/2013",0.0345532260835171
"1039","26/7/2013",0.0262072812765837
"1040","2/8/2013",0.0277305990457535
"1041","9/8/2013",0.0229505747556686
"1042","16/8/2013",0.0142041463404894
"1043","23/8/2013",0.0255206115543842
"1044","30/8/2013",0.0367667227983475
"1045","6/9/2013",0.0126110063865781
"1046","13/9/2013",0.0133586032316089
"1047","20/9/2013",0.0269090011715889
"1048","27/9/2013",0.025905741378665
"1049","4/10/2013",0.0309019256383181
"1050","11/10/2013",0.018087750300765
"1051","18/10/2013",0.0234123598784208
"1052","25/10/2013",0.0144227324053645
"1053","1/11/2013",0.0633513256907463
"1054","8/11/2013",0.0273714680224657
"1055","15/11/2013",0.0318659693002701
"1056","22/11/2013",0.0266741495579481
"1057","29/11/2013",0.0236279554665089
"1058","6/12/2013",0.020640704780817
"1059","13/12/2013",0.0350976064801216
"1060","20/12/2013",0.0106236888095737
"1061","27/12/2013",0.0841173231601715
"1062","3/1/2014",0.0225613713264465
"1063","10/1/2014",0.0158878248184919
"1064","17/1/2014",0.0140304677188396
"1065","24/1/2014",0.0136297112330794
"1066","31/1/2014",0.012137034907937
"1067","7/2/2014",0.0152919944375753
"1068","14/2/2014",0.0238785687834024
"1069","21/2/2014",0.027765890583396
"1070","28/2/2014",0.017470071092248
"1071","7/3/2014",0.073598250746727
"1072","14/3/2014",0.293704658746719
"1073","21/3/2014",0.0482015274465084
"1074","28/3/2014",0.0695197954773903
"1075","4/4/2014",0.0686382576823235
"1076","11/4/2014",0.0284749399870634
"1077","18/4/2014",0.0155958170071244
"1078","25/4/2014",0.0314219146966934
"1079","2/5/2014",0.0408857502043247
"1080","9/5/2014",0.0461515597999096
"1081","16/5/2014",0.0326094590127468
"1082","23/5/2014",0.0701221898198128
"1083","30/5/2014",0.0335313305258751
"1084","6/6/2014",0.02379185333848
"1085","13/6/2014",0.0153099624440074
"1086","20/6/2014",0.0240532401949167
"1087","27/6/2014",0.0394138693809509
"1088","4/7/2014",0.0854074358940125
"1089","11/7/2014",0.0303789246827364
"1090","18/7/2014",0.0467408373951912
"1091","25/7/2014",0.080441989004612
"1092","1/8/2014",0.0223518051207066
"1093","8/8/2014",0.01857022754848
"1094","15/8/2014",0.0181148592382669
"1095","22/8/2014",0.0216041821986437
"1096","29/8/2014",0.00912648625671864
"1097","5/9/2014",0.0129675911739469
"1098","12/9/2014",0.141676872968674
"1099","19/9/2014",0.0154241258278489
"1100","26/9/2014",0.0385357961058617
"1101","3/10/2014",0.0296028088778257
"1102","10/10/2014",0.0383324027061462
"1103","17/10/2014",0.0222146175801754
"1104","24/10/2014",0.101288378238678
"1105","31/10/2014",0.0174121912568808
"1106","7/11/2014",0.0215303711593151
"1107","14/11/2014",0.114098161458969
"1108","21/11/2014",0.0542103797197342
"1109","28/11/2014",0.0293054804205894
"1110","5/12/2014",0.0142743978649378
"1111","12/12/2014",0.0287501383572817
"1112","19/12/2014",0.0311428643763065
"1113","26/12/2014",0.0158085804432631
"1114","2/1/2015",0.0890350937843323
"1115","9/1/2015",0.0443944297730923
"1116","16/1/2015",0.0441835820674896
"1117","23/1/2015",0.0577972643077374
"1118","30/1/2015",0.0620105750858784
"1119","6/2/2015",0.0321988128125668
"1120","13/2/2015",0.0240390263497829
"1121","20/2/2015",0.019881833344698
"1122","27/2/2015",0.0476977825164795
"1123","6/3/2015",0.0168316531926394
"1124","13/3/2015",0.0638331323862076
"1125","20/3/2015",0.0274358950555325
"1126","27/3/2015",0.0272623859345913
"1127","3/4/2015",0.0664198771119118
"1128","10/4/2015",0.0403602123260498
"1129","17/4/2015",0.0341426767408848
"1130","24/4/2015",0.0384590663015842
"1131","1/5/2015",0.061634361743927
"1132","8/5/2015",0.092463880777359
"1133","15/5/2015",0.026266859844327
"1134","22/5/2015",0.0432474538683891
"1135","29/5/2015",0.0379240773618221
"1136","5/6/2015",0.0368493311107159
"1137","12/6/2015",0.0191130600869656
"1138","19/6/2015",0.0116552300751209
"1139","26/6/2015",0.0675832331180573
"1140","3/7/2015",0.0579005405306816
"1141","10/7/2015",0.0374726131558418
"1142","17/7/2015",0.0250244569033384
"1143","24/7/2015",0.0830685198307037
"1144","31/7/2015",0.0602207630872726
"1145","7/8/2015",0.0936540812253952
"1146","14/8/2015",0.0537219345569611
"1147","21/8/2015",0.0685762539505959
"1148","28/8/2015",0.143125802278519
"1149","4/9/2015",0.0140735609456897
"1150","11/9/2015",0.0573140420019627
"1151","18/9/2015",0.0323628522455692
"1152","25/9/2015",0.0372335910797119
"1153","2/10/2015",0.0312430281192064
"1154","9/10/2015",0.0361541919410229
"1155","16/10/2015",0.0229130052030087
"1156","23/10/2015",0.0140106994658709
"1157","30/10/2015",0.0119224181398749
"1158","6/11/2015",0.0259141772985458
"1159","13/11/2015",0.196107819676399
"1160","20/11/2015",0.0657447427511215
"1161","27/11/2015",0.037578459829092
"1162","4/12/2015",0.0373947322368622
"1163","11/12/2015",0.453092634677887
"1164","18/12/2015",0.238268107175827
"1165","25/12/2015",0.144298404455185
"1166","1/1/2016",0.117589458823204
"1167","8/1/2016",0.123483560979366
"1168","15/1/2016",0.11643923074007
"1169","22/1/2016",0.0999922305345535
"1170","29/1/2016",0.192333608865738
"1171","5/2/2016",0.11048024892807
"1172","12/2/2016",0.0254868343472481
"1173","19/2/2016",0.0123672150075436
"1174","26/2/2016",0.0431791394948959
"1175","4/3/2016",0.0415237657725811
"1176","11/3/2016",0.0318633913993835
"1177","18/3/2016",0.0240165125578642
"1178","25/3/2016",0.0226966831833124
"1179","1/4/2016",0.0170926544815302
"1180","8/4/2016",0.0120631298050284
"1181","15/4/2016",0.0231685694307089
"1182","22/4/2016",0.0680816248059273
"1183","29/4/2016",0.0360863953828812
"1184","6/5/2016",0.119964130222797
"1185","13/5/2016",0.144227549433708
"1186","20/5/2016",0.14024655520916
"1187","27/5/2016",0.223887592554092
"1188","3/6/2016",0.182737052440643
"1189","10/6/2016",0.302716225385666
"1190","17/6/2016",0.199282124638557
"1191","24/6/2016",0.0404741130769253
"1192","1/7/2016",0.276193708181381
"1193","8/7/2016",0.0470023676753044
"1194","15/7/2016",0.113549999892712
"1195","22/7/2016",0.112640157341957
"1196","29/7/2016",0.035955898463726
"1197","5/8/2016",0.0130885057151318
"1198","12/8/2016",0.0915481299161911
"1199","19/8/2016",0.0316750481724739
"1200","26/8/2016",0.0158116593956947
"1201","2/9/2016",0.0284074060618877
"1202","9/9/2016",0.0202714465558529
"1203","16/9/2016",0.0475804917514324
"1204","23/9/2016",0.0302957110106945
"1205","30/9/2016",0.0536151081323624
"1206","7/10/2016",0.292589128017426
"1207","14/10/2016",0.111839473247528
"1208","21/10/2016",0.136032208800316
"1209","28/10/2016",0.0449354499578476
"1210","4/11/2016",0.049165204167366
"1211","11/11/2016",0.0155512392520905
"1212","18/11/2016",0.0386033840477467
"1213","25/11/2016",0.0599803924560547
"1214","2/12/2016",0.0195354484021664
"1215","9/12/2016",0.0160550251603127
"1216","16/12/2016",0.0110437097027898
"1217","23/12/2016",0.0740412026643753
"1218","30/12/2016",0.0260971765965223
"1219","6/1/2017",0.0506673455238342
"1220","13/1/2017",0.0327626578509808
"1221","20/1/2017",0.0258931331336498
"1222","27/1/2017",0.02146852388978
"1223","3/2/2017",0.0152487428858876
"1224","10/2/2017",0.0323188975453377
"1225","17/2/2017",0.0230752974748611
"1226","24/2/2017",0.046945758163929
"1227","3/3/2017",0.0704908147454262
"1228","10/3/2017",0.0252378080040216
"1229","17/3/2017",0.0357108451426029
"1230","24/3/2017",0.0373339913785458
"1231","31/3/2017",0.0327092483639717
"1232","7/4/2017",0.0293470770120621
"1233","14/4/2017",0.0148821203038096
"1234","21/4/2017",0.0796023979783058
"1235","28/4/2017",0.103499837219715
"1236","5/5/2017",0.031367763876915
"1237","12/5/2017",0.157091572880745
"1238","19/5/2017",0.0887822136282921
"1239","26/5/2017",0.227928385138512
"1240","2/6/2017",0.204301610589027
"1241","9/6/2017",0.0356501489877701
"1242","16/6/2017",0.064488098025322
"1243","23/6/2017",0.025238823145628
"1244","30/6/2017",0.0190991368144751
"1245","7/7/2017",0.0103297848254442
"1246","14/7/2017",0.0346646122634411
"1247","21/7/2017",0.0640891492366791
"1248","28/7/2017",0.0204645060002804
"1249","4/8/2017",0.139980688691139
"1250","11/8/2017",0.0352308079600334
"1251","18/8/2017",0.0585234425961971
"1252","25/8/2017",0.125192910432816
"1253","1/9/2017",0.0301188509911299
"1254","8/9/2017",0.00826149992644787
"1255","15/9/2017",0.0684150978922844
"1256","22/9/2017",0.0530107617378235
"1257","29/9/2017",0.021849000826478
"1258","6/10/2017",0.0156156327575445
"1259","13/10/2017",0.00866679195314646
"1260","20/10/2017",0.0281185526400805
"1261","27/10/2017",0.0148803535848856
"1262","3/11/2017",0.0190960466861725
"1263","10/11/2017",0.00697253551334143
"1264","17/11/2017",0.0523644089698792
"1265","24/11/2017",0.0122478259727359
"1266","1/12/2017",0.0189405959099531
"1267","8/12/2017",0.0130303110927343
"1268","15/12/2017",0.0278328415006399
"1269","22/12/2017",0.00946010276675224
"1270","29/12/2017",0.0176363494247198
"1271","5/1/2018",0.0415418557822704
"1272","12/1/2018",0.12204647809267
"1273","19/1/2018",0.0505587197840214
"1274","26/1/2018",0.0925815030932426
"1275","2/2/2018",0.16135385632515
"1276","9/2/2018",0.0629514530301094
"1277","16/2/2018",0.0879884287714958
"1278","23/2/2018",0.280524104833603
"1279","2/3/2018",0.0616103298962116
"1280","9/3/2018",0.131243675947189
"1281","16/3/2018",0.0447244867682457
"1282","23/3/2018",0.0433061644434929
"1283","30/3/2018",0.0494076162576675
"1284","6/4/2018",0.0376219265162945
"1285","13/4/2018",0.0610209107398987
"1286","20/4/2018",0.0529087670147419
"1287","27/4/2018",0.0865743011236191
"1288","4/5/2018",0.219073176383972
"1289","11/5/2018",0.104951530694962
"1290","18/5/2018",0.134985730051994
"1291","25/5/2018",0.103441402316093
"1292","1/6/2018",0.1062391102314
"1293","8/6/2018",0.22405306994915
"1294","15/6/2018",0.0549726188182831
"1295","22/6/2018",0.0584855526685715
"1296","29/6/2018",0.0302963834255934
"1297","6/7/2018",0.0268244575709105
"1298","13/7/2018",0.00942490436136723
"1299","20/7/2018",0.0520075038075447
"1300","27/7/2018",0.0462341047823429
"1301","3/8/2018",0.0140456687659025
"1302","10/8/2018",0.0203526932746172
"1303","17/8/2018",0.0247666407376528
"1304","24/8/2018",0.0251537319272757
"1305","31/8/2018",0.0232878774404526
"1306","7/9/2018",0.0738824680447578
"1307","14/9/2018",0.0337113887071609
"1308","21/9/2018",0.0476010143756866
"1309","28/9/2018",0.0449285544455051
