"","Y_date","X0.00261478195898235"
"1","3/9/1993",0.00261478195898235
"2","10/9/1993",0.00445256941020489
"3","17/9/1993",0.00444860989227891
"4","24/9/1993",0.00872889813035727
"5","1/10/1993",0.00260120141319931
"6","8/10/1993",0.00508224265649915
"7","15/10/1993",0.00271261460147798
"8","22/10/1993",0.00718954252079129
"9","29/10/1993",0.00277575803920627
"10","5/11/1993",0.00307548837736249
"11","12/11/1993",0.00886825285851955
"12","19/11/1993",0.00621402077376842
"13","26/11/1993",0.0026827291585505
"14","3/12/1993",0.00359175051562488
"15","10/12/1993",0.00355044170282781
"16","17/12/1993",0.00351644051261246
"17","24/12/1993",0.00351077760569751
"18","31/12/1993",0.00350504345260561
"19","7/1/1994",0.00489897187799215
"20","14/1/1994",0.00360006210394204
"21","21/1/1994",0.00267229042947292
"22","28/1/1994",0.00266854418441653
"23","4/2/1994",0.00456110341474414
"24","11/2/1994",0.00480608828365803
"25","18/2/1994",0.00444367527961731
"26","25/2/1994",0.00312035973183811
"27","4/3/1994",0.00443271500989795
"28","11/3/1994",0.0044281929731369
"29","18/3/1994",0.022851312533021
"30","25/3/1994",0.033402007073164
"31","1/4/1994",0.078637458384037
"32","8/4/1994",0.0640037879347801
"33","15/4/1994",0.0306441783905029
"34","22/4/1994",0.0387035384774208
"35","29/4/1994",0.0266904290765524
"36","6/5/1994",0.0706519782543182
"37","13/5/1994",0.0254667103290558
"38","20/5/1994",0.0216177273541689
"39","27/5/1994",0.00479451380670071
"40","3/6/1994",0.00740435253828764
"41","10/6/1994",0.00545339565724134
"42","17/6/1994",0.010244008153677
"43","24/6/1994",0.0059633944183588
"44","1/7/1994",0.00738013675436378
"45","8/7/1994",0.00283903162926435
"46","15/7/1994",0.0202310811728239
"47","22/7/1994",0.0466680079698563
"48","29/7/1994",0.00360188097693026
"49","5/8/1994",0.0213968269526958
"50","12/8/1994",0.00458706589415669
"51","19/8/1994",0.00396500201895833
"52","26/8/1994",0.0128983436152339
"53","2/9/1994",0.0300057008862495
"54","9/9/1994",0.0165588837116957
"55","16/9/1994",0.00519569357857108
"56","23/9/1994",0.00818993523716927
"57","30/9/1994",0.00652278680354357
"58","7/10/1994",0.00902463216334581
"59","14/10/1994",0.00398383615538478
"60","21/10/1994",0.00259107677266002
"61","28/10/1994",0.0120482323691249
"62","4/11/1994",0.00537551706656814
"63","11/11/1994",0.00561968702822924
"64","18/11/1994",0.00587793858721852
"65","25/11/1994",0.00841082166880369
"66","2/12/1994",0.00793954823166132
"67","9/12/1994",0.00441786227747798
"68","16/12/1994",0.00509739480912685
"69","23/12/1994",0.00807094946503639
"70","30/12/1994",0.00511049386113882
"71","6/1/1995",0.0037101071793586
"72","13/1/1995",0.00404515070840716
"73","20/1/1995",0.00975466705858707
"74","27/1/1995",0.0045137288980186
"75","3/2/1995",0.00395267875865102
"76","10/2/1995",0.00408064899966121
"77","17/2/1995",0.00446022301912308
"78","24/2/1995",0.0125653687864542
"79","3/3/1995",0.0171739645302296
"80","10/3/1995",0.00589112984016538
"81","17/3/1995",0.0102361254394054
"82","24/3/1995",0.0088767446577549
"83","31/3/1995",0.026519326493144
"84","7/4/1995",0.0256725493818521
"85","14/4/1995",0.00954885873943567
"86","21/4/1995",0.0506335720419884
"87","28/4/1995",0.029129745438695
"88","5/5/1995",0.022113298997283
"89","12/5/1995",0.00644019525498152
"90","19/5/1995",0.0289816614240408
"91","26/5/1995",0.0178162008523941
"92","2/6/1995",0.0122420769184828
"93","9/6/1995",0.00446650525555015
"94","16/6/1995",0.00688837887719274
"95","23/6/1995",0.00504323886707425
"96","30/6/1995",0.00579548627138138
"97","7/7/1995",0.00770844612270594
"98","14/7/1995",0.00692162290215492
"99","21/7/1995",0.00445043481886387
"100","28/7/1995",0.00593765452504158
"101","4/8/1995",0.00749303912743926
"102","11/8/1995",0.00620684865862131
"103","18/8/1995",0.00619402341544628
"104","25/8/1995",0.00382439256645739
"105","1/9/1995",0.0048209703527391
"106","8/9/1995",0.0040979846380651
"107","15/9/1995",0.00527882436290383
"108","22/9/1995",0.00379699771292508
"109","29/9/1995",0.00280349468812346
"110","6/10/1995",0.00844592601060867
"111","13/10/1995",0.00342235597781837
"112","20/10/1995",0.00338040781207383
"113","27/10/1995",0.0389388501644135
"114","3/11/1995",0.026248948648572
"115","10/11/1995",0.0189454164355993
"116","17/11/1995",0.0300360973924398
"117","24/11/1995",0.018736818805337
"118","1/12/1995",0.0192747246474028
"119","8/12/1995",0.0245413687080145
"120","15/12/1995",0.0105922594666481
"121","22/12/1995",0.00398809369653463
"122","29/12/1995",0.00481256330385804
"123","5/1/1996",0.0100008202716708
"124","12/1/1996",0.0132308434695005
"125","19/1/1996",0.00728893978521228
"126","26/1/1996",0.0152435963973403
"127","2/2/1996",0.0156350526958704
"128","9/2/1996",0.01295315194875
"129","16/2/1996",0.0164189729839563
"130","23/2/1996",0.0196058209985495
"131","1/3/1996",0.0175562109798193
"132","8/3/1996",0.0307453330606222
"133","15/3/1996",0.0132095701992512
"134","22/3/1996",0.00956077221781015
"135","29/3/1996",0.0106317354366183
"136","5/4/1996",0.00741655146703124
"137","12/4/1996",0.00883735902607441
"138","19/4/1996",0.00667047873139381
"139","26/4/1996",0.0116935661062598
"140","3/5/1996",0.00975501257926226
"141","10/5/1996",0.00925104040652514
"142","17/5/1996",0.00541427219286561
"143","24/5/1996",0.00332611845806241
"144","31/5/1996",0.00426591048017144
"145","7/6/1996",0.00873382948338985
"146","14/6/1996",0.0260358620434999
"147","21/6/1996",0.0105473836883903
"148","28/6/1996",0.00618429202586412
"149","5/7/1996",0.0214297659695148
"150","12/7/1996",0.00494120549410582
"151","19/7/1996",0.00940498989075422
"152","26/7/1996",0.00643951166421175
"153","2/8/1996",0.00454640761017799
"154","9/8/1996",0.0112591870129108
"155","16/8/1996",0.0110330227762461
"156","23/8/1996",0.00453657936304808
"157","30/8/1996",0.0108199845999479
"158","6/9/1996",0.00423971051350236
"159","13/9/1996",0.00385006377473474
"160","20/9/1996",0.00404649740085006
"161","27/9/1996",0.00340374303050339
"162","4/10/1996",0.00387080851942301
"163","11/10/1996",0.00681302417069674
"164","18/10/1996",0.00940032210201025
"165","25/10/1996",0.00704259611666203
"166","1/11/1996",0.0139918131753802
"167","8/11/1996",0.0155678922310472
"168","15/11/1996",0.0074286013841629
"169","22/11/1996",0.00972219370305538
"170","29/11/1996",0.0084128500893712
"171","6/12/1996",0.0128852119669318
"172","13/12/1996",0.00860611628741026
"173","20/12/1996",0.00694933487102389
"174","27/12/1996",0.00424115033820271
"175","3/1/1997",0.00856371782720089
"176","10/1/1997",0.00625069485977292
"177","17/1/1997",0.00759239867329597
"178","24/1/1997",0.0054044877178967
"179","31/1/1997",0.00443850364536047
"180","7/2/1997",0.00467462465167046
"181","14/2/1997",0.00295461248606443
"182","21/2/1997",0.0034657446667552
"183","28/2/1997",0.00368590862490237
"184","7/3/1997",0.00424583861604333
"185","14/3/1997",0.0100066289305687
"186","21/3/1997",0.0204562339931726
"187","28/3/1997",0.0138164637610316
"188","4/4/1997",0.00771681778132915
"189","11/4/1997",0.0332890078425407
"190","18/4/1997",0.00660724705085158
"191","25/4/1997",0.00381517549976707
"192","2/5/1997",0.00771700777113438
"193","9/5/1997",0.0159769393503666
"194","16/5/1997",0.0123483007773757
"195","23/5/1997",0.0112981153652072
"196","30/5/1997",0.00655145384371281
"197","6/6/1997",0.0099537055939436
"198","13/6/1997",0.00619964953511953
"199","20/6/1997",0.0140275787562132
"200","27/6/1997",0.00542238494381309
"201","4/7/1997",0.00985308364033699
"202","11/7/1997",0.00422871299088001
"203","18/7/1997",0.0121204890310764
"204","25/7/1997",0.00439295172691345
"205","1/8/1997",0.00266390852630138
"206","8/8/1997",0.0163992084562778
"207","15/8/1997",0.0105699645355344
"208","22/8/1997",0.0225139576941729
"209","29/8/1997",0.0145990941673517
"210","5/9/1997",0.0405854992568493
"211","12/9/1997",0.0329321473836899
"212","19/9/1997",0.0412105806171894
"213","26/9/1997",0.0236721634864807
"214","3/10/1997",0.0816156715154648
"215","10/10/1997",0.0253299809992313
"216","17/10/1997",0.0222841706126928
"217","24/10/1997",0.00685941660776734
"218","31/10/1997",0.00417113350704312
"219","7/11/1997",0.00599193992093205
"220","14/11/1997",0.00735180964693427
"221","21/11/1997",0.0124244932085276
"222","28/11/1997",0.0252645313739777
"223","5/12/1997",0.00631520245224237
"224","12/12/1997",0.00744366087019444
"225","19/12/1997",0.0195876676589251
"226","26/12/1997",0.00851175375282764
"227","2/1/1998",0.00695661688223481
"228","9/1/1998",0.00786710623651743
"229","16/1/1998",0.00372545165009797
"230","23/1/1998",0.00432489765807986
"231","30/1/1998",0.00434555625542998
"232","6/2/1998",0.00554077373817563
"233","13/2/1998",0.00582464085891843
"234","20/2/1998",0.0073856096714735
"235","27/2/1998",0.0265450906008482
"236","6/3/1998",0.0174588449299335
"237","13/3/1998",0.00523829506710172
"238","20/3/1998",0.0076447632163763
"239","27/3/1998",0.00779766915366054
"240","3/4/1998",0.00748812220990658
"241","10/4/1998",0.00680494960397482
"242","17/4/1998",0.00436131795868278
"243","24/4/1998",0.0356338806450367
"244","1/5/1998",0.00896859169006348
"245","8/5/1998",0.0109997428953648
"246","15/5/1998",0.0162566900253296
"247","22/5/1998",0.0390349738299847
"248","29/5/1998",0.0136575233191252
"249","5/6/1998",0.00618912000209093
"250","12/6/1998",0.00791899301111698
"251","19/6/1998",0.00613234983757138
"252","26/6/1998",0.00554611254483461
"253","3/7/1998",0.00748585816472769
"254","10/7/1998",0.00495470268651843
"255","17/7/1998",0.0225920863449574
"256","24/7/1998",0.0044646100141108
"257","31/7/1998",0.0178180951625109
"258","7/8/1998",0.679427683353424
"259","14/8/1998",0.00884159468114376
"260","21/8/1998",0.00736274104565382
"261","28/8/1998",0.0203231461346149
"262","4/9/1998",0.0457218997180462
"263","11/9/1998",0.0178738161921501
"264","18/9/1998",0.0165065973997116
"265","25/9/1998",0.0114570930600166
"266","2/10/1998",0.0097878547385335
"267","9/10/1998",0.0170914996415377
"268","16/10/1998",0.0287342220544815
"269","23/10/1998",0.0146352900192142
"270","30/10/1998",0.00423102686181664
"271","6/11/1998",0.002658034209162
"272","13/11/1998",0.00273764482699335
"273","20/11/1998",0.00314118713140488
"274","27/11/1998",0.00313784740865231
"275","4/12/1998",0.0073916632682085
"276","11/12/1998",0.0105095459148288
"277","18/12/1998",0.00265969429165125
"278","25/12/1998",0.00350373820401728
"279","1/1/1999",0.00558583112433553
"280","8/1/1999",0.0108372839167714
"281","15/1/1999",0.00377942761406302
"282","22/1/1999",0.0164250340312719
"283","29/1/1999",0.012613226659596
"284","5/2/1999",0.00694205611944199
"285","12/2/1999",0.0232518743723631
"286","19/2/1999",0.0255954749882221
"287","26/2/1999",0.0278222840279341
"288","5/3/1999",0.0357951186597347
"289","12/3/1999",0.0407409332692623
"290","19/3/1999",0.014212622307241
"291","26/3/1999",0.015198552981019
"292","2/4/1999",0.0150208780542016
"293","9/4/1999",0.00407762685790658
"294","16/4/1999",0.00276972725987434
"295","23/4/1999",0.00283659459091723
"296","30/4/1999",0.00438272161409259
"297","7/5/1999",0.00776370894163847
"298","14/5/1999",0.00511610973626375
"299","21/5/1999",0.00427994364872575
"300","28/5/1999",0.00354750431142747
"301","4/6/1999",0.00633284589275718
"302","11/6/1999",0.00353968003764749
"303","18/6/1999",0.00353187136352062
"304","25/6/1999",0.00301150139421225
"305","2/7/1999",0.00952533259987831
"306","9/7/1999",0.00355841172859073
"307","16/7/1999",0.0386857502162457
"308","23/7/1999",0.0110718160867691
"309","30/7/1999",0.0402897298336029
"310","6/8/1999",0.1505077034235
"311","13/8/1999",0.0369066931307316
"312","20/8/1999",0.0154290860518813
"313","27/8/1999",0.263095527887344
"314","3/9/1999",0.0363604463636875
"315","10/9/1999",0.0915708988904953
"316","17/9/1999",0.0743264257907867
"317","24/9/1999",0.00736897485330701
"318","1/10/1999",0.00468073599040508
"319","8/10/1999",0.00776632595807314
"320","15/10/1999",0.00610109185799956
"321","22/10/1999",0.0218452103435993
"322","29/10/1999",0.0131321428343654
"323","5/11/1999",0.0046077212318778
"324","12/11/1999",0.00306786596775055
"325","19/11/1999",0.0275410786271095
"326","26/11/1999",0.018737530335784
"327","3/12/1999",0.0186839140951633
"328","10/12/1999",0.00319498172029853
"329","17/12/1999",0.0122472327202559
"330","24/12/1999",0.0231178048998117
"331","31/12/1999",0.0160521101206541
"332","7/1/2000",0.0414221361279488
"333","14/1/2000",0.00947128888219595
"334","21/1/2000",0.00690311565995216
"335","28/1/2000",0.0460218526422977
"336","4/2/2000",0.0201133098453283
"337","11/2/2000",0.0032643077429384
"338","18/2/2000",0.0110491011291742
"339","25/2/2000",0.00726478220894933
"340","3/3/2000",0.00720170699059963
"341","10/3/2000",0.00661514513194561
"342","17/3/2000",0.137826651334763
"343","24/3/2000",0.00731172971427441
"344","31/3/2000",0.0109755443409085
"345","7/4/2000",0.0370258428156376
"346","14/4/2000",0.00749329105019569
"347","21/4/2000",0.00743583682924509
"348","28/4/2000",0.00922977644950151
"349","5/5/2000",0.0169592704623938
"350","12/5/2000",0.0603909604251385
"351","19/5/2000",0.0277457609772682
"352","26/5/2000",0.0210757795721292
"353","2/6/2000",0.0558196380734444
"354","9/6/2000",0.00798884127289057
"355","16/6/2000",0.00951797142624855
"356","23/6/2000",0.0085328659042716
"357","30/6/2000",0.0067801820114255
"358","7/7/2000",0.0099224541336298
"359","14/7/2000",0.199982821941376
"360","21/7/2000",0.481649279594421
"361","28/7/2000",0.0628922432661057
"362","4/8/2000",0.128877565264702
"363","11/8/2000",0.0184033531695604
"364","18/8/2000",0.00754278851673007
"365","25/8/2000",0.0119451833888888
"366","1/9/2000",0.00959955900907516
"367","8/9/2000",0.0151815684512258
"368","15/9/2000",0.0142210619524121
"369","22/9/2000",0.00639535579830408
"370","29/9/2000",0.00608732644468546
"371","6/10/2000",0.007209412753582
"372","13/10/2000",0.0172782298177481
"373","20/10/2000",0.0173017401248217
"374","27/10/2000",0.00908911600708961
"375","3/11/2000",0.0114790517836809
"376","10/11/2000",0.0595543198287487
"377","17/11/2000",0.0340926386415958
"378","24/11/2000",0.0283850692212582
"379","1/12/2000",0.011959582567215
"380","8/12/2000",0.00477432506158948
"381","15/12/2000",0.00999377481639385
"382","22/12/2000",0.0144251780584455
"383","29/12/2000",0.00511046499013901
"384","5/1/2001",0.00481176842004061
"385","12/1/2001",0.00455562258139253
"386","19/1/2001",0.00438016932457685
"387","26/1/2001",0.00988756399601698
"388","2/2/2001",0.00757928937673569
"389","9/2/2001",0.0251982714980841
"390","16/2/2001",0.0889415964484215
"391","23/2/2001",0.0483129993081093
"392","2/3/2001",0.0209174659103155
"393","9/3/2001",0.019525021314621
"394","16/3/2001",0.0100874342024326
"395","23/3/2001",0.00800407771021128
"396","30/3/2001",0.00718578603118658
"397","6/4/2001",0.0113287353888154
"398","13/4/2001",0.00708804745227098
"399","20/4/2001",0.0294271539896727
"400","27/4/2001",0.00418215245008469
"401","4/5/2001",0.00564730679616332
"402","11/5/2001",0.00682310527190566
"403","18/5/2001",0.00689325714483857
"404","25/5/2001",0.00612178025767207
"405","1/6/2001",0.00303354184143245
"406","8/6/2001",0.0054203406907618
"407","15/6/2001",0.00358427176252007
"408","22/6/2001",0.00375958345830441
"409","29/6/2001",0.00456814700737596
"410","6/7/2001",0.00735852494835854
"411","13/7/2001",0.00624138629063964
"412","20/7/2001",0.0060195573605597
"413","27/7/2001",0.00363770429976285
"414","3/8/2001",0.00600985903292894
"415","10/8/2001",0.00551778450608253
"416","17/8/2001",0.0320828668773174
"417","24/8/2001",0.155159085988998
"418","31/8/2001",0.00439399247989058
"419","7/9/2001",0.00383762968704104
"420","14/9/2001",0.0159287322312593
"421","21/9/2001",0.0182969756424427
"422","28/9/2001",0.04378667101264
"423","5/10/2001",0.104138433933258
"424","12/10/2001",0.0196182113140821
"425","19/10/2001",0.0150184221565723
"426","26/10/2001",0.0191271360963583
"427","2/11/2001",0.0108242873102427
"428","9/11/2001",0.00672205584123731
"429","16/11/2001",0.0200412981212139
"430","23/11/2001",0.0136787230148911
"431","30/11/2001",0.0134366657584906
"432","7/12/2001",0.0162419639527798
"433","14/12/2001",0.0144052878022194
"434","21/12/2001",0.0171365141868591
"435","28/12/2001",0.00802583899348974
"436","4/1/2002",0.00779219996184111
"437","11/1/2002",0.0561087317764759
"438","18/1/2002",0.0122283669188619
"439","25/1/2002",0.0146456621587276
"440","1/2/2002",0.00850583240389824
"441","8/2/2002",0.0133579382672906
"442","15/2/2002",0.020252475515008
"443","22/2/2002",0.0403793938457966
"444","1/3/2002",0.0178125370293856
"445","8/3/2002",0.0139060923829675
"446","15/3/2002",0.0367148853838444
"447","22/3/2002",0.0301520843058825
"448","29/3/2002",0.0775667503476143
"449","5/4/2002",0.0244848467409611
"450","12/4/2002",0.0521047040820122
"451","19/4/2002",0.0116809643805027
"452","26/4/2002",0.0538713559508324
"453","3/5/2002",0.0200070682913065
"454","10/5/2002",0.0310876276344061
"455","17/5/2002",0.0136051485314965
"456","24/5/2002",0.167079299688339
"457","31/5/2002",0.159013271331787
"458","7/6/2002",0.0405752696096897
"459","14/6/2002",0.188400790095329
"460","21/6/2002",0.177872464060783
"461","28/6/2002",0.0448857694864273
"462","5/7/2002",0.129600718617439
"463","12/7/2002",0.120139323174953
"464","19/7/2002",0.0988262966275215
"465","26/7/2002",0.087139293551445
"466","2/8/2002",0.0906540676951408
"467","9/8/2002",0.108846612274647
"468","16/8/2002",0.0708685591816902
"469","23/8/2002",0.270868480205536
"470","30/8/2002",0.0786462351679802
"471","6/9/2002",0.0854186415672302
"472","13/9/2002",0.155678197741508
"473","20/9/2002",0.054467398673296
"474","27/9/2002",0.0354380644857883
"475","4/10/2002",0.0376679226756096
"476","11/10/2002",0.0157975666224957
"477","18/10/2002",0.078202873468399
"478","25/10/2002",0.0365617722272873
"479","1/11/2002",0.0268087219446898
"480","8/11/2002",0.0244613885879517
"481","15/11/2002",0.0404617711901665
"482","22/11/2002",0.029537308961153
"483","29/11/2002",0.114858664572239
"484","6/12/2002",0.156776070594788
"485","13/12/2002",0.0507116317749023
"486","20/12/2002",0.384097069501877
"487","27/12/2002",0.180392846465111
"488","3/1/2003",0.069541834294796
"489","10/1/2003",0.318351924419403
"490","17/1/2003",0.330297321081161
"491","24/1/2003",0.129633098840714
"492","31/1/2003",0.0539744384586811
"493","7/2/2003",0.0716519802808762
"494","14/2/2003",0.0440356805920601
"495","21/2/2003",0.0231030080467463
"496","28/2/2003",0.0691208317875862
"497","7/3/2003",0.0960161089897156
"498","14/3/2003",0.0216245222836733
"499","21/3/2003",0.04867048189044
"500","28/3/2003",0.0293829385191202
"501","4/4/2003",0.033954530954361
"502","11/4/2003",0.0372493118047714
"503","18/4/2003",0.0566547214984894
"504","25/4/2003",0.0309468265622854
"505","2/5/2003",0.057548750191927
"506","9/5/2003",0.0290948264300823
"507","16/5/2003",0.0422769635915756
"508","23/5/2003",0.00853467360138893
"509","30/5/2003",0.0136375790461898
"510","6/6/2003",0.0062284953892231
"511","13/6/2003",0.0128157120198011
"512","20/6/2003",0.0173880103975534
"513","27/6/2003",0.0130434399470687
"514","4/7/2003",0.0144960302859545
"515","11/7/2003",0.0118289953097701
"516","18/7/2003",0.0109711810946465
"517","25/7/2003",0.0387168563902378
"518","1/8/2003",0.0237064063549042
"519","8/8/2003",0.0487024672329426
"520","15/8/2003",0.0237590167671442
"521","22/8/2003",0.0256112068891525
"522","29/8/2003",0.00723931659013033
"523","5/9/2003",0.0103471148759127
"524","12/9/2003",0.0193932428956032
"525","19/9/2003",0.00803695432841778
"526","26/9/2003",0.00510017620399594
"527","3/10/2003",0.00360091752372682
"528","10/10/2003",0.0128185469657183
"529","17/10/2003",0.109978079795837
"530","24/10/2003",0.0711571574211121
"531","31/10/2003",0.0432525910437107
"532","7/11/2003",0.015451549552381
"533","14/11/2003",0.033232070505619
"534","21/11/2003",0.0146010089665651
"535","28/11/2003",0.0304166972637177
"536","5/12/2003",0.0309100728482008
"537","12/12/2003",0.0273775681853294
"538","19/12/2003",0.0203428082168102
"539","26/12/2003",0.00658825831487775
"540","2/1/2004",0.00492612272500992
"541","9/1/2004",0.00805148854851723
"542","16/1/2004",0.0150871053338051
"543","23/1/2004",0.0167830027639866
"544","30/1/2004",0.0068102371878922
"545","6/2/2004",0.00514860590919852
"546","13/2/2004",0.0045285071246326
"547","20/2/2004",0.00455378508195281
"548","27/2/2004",0.00455055898055434
"549","5/3/2004",0.0044062752276659
"550","12/3/2004",0.0041996706277132
"551","19/3/2004",0.00369799160398543
"552","26/3/2004",0.00369487632997334
"553","2/4/2004",0.0036921058781445
"554","9/4/2004",0.00368900573812425
"555","16/4/2004",0.00368591723963618
"556","23/4/2004",0.00368283689022064
"557","30/4/2004",0.00390351563692093
"558","7/5/2004",0.00322042475454509
"559","14/5/2004",0.0106305619701743
"560","21/5/2004",0.00587007822468877
"561","28/5/2004",0.00789937283843756
"562","4/6/2004",0.00357283558696508
"563","11/6/2004",0.00441379332914948
"564","18/6/2004",0.00517268059775233
"565","25/6/2004",0.00514797866344452
"566","2/7/2004",0.00364428455941379
"567","9/7/2004",0.00544272502884269
"568","16/7/2004",0.00339781842194498
"569","23/7/2004",0.00737672531977296
"570","30/7/2004",0.00407678820192814
"571","6/8/2004",0.00665020709857345
"572","13/8/2004",0.00462007056921721
"573","20/8/2004",0.00458154734224081
"574","27/8/2004",0.00457913614809513
"575","3/9/2004",0.00462863082066178
"576","10/9/2004",0.00617538578808308
"577","17/9/2004",0.00482451962307096
"578","24/9/2004",0.00706307962536812
"579","1/10/2004",0.0120472460985184
"580","8/10/2004",0.0120423883199692
"581","15/10/2004",0.00856276974081993
"582","22/10/2004",0.00449089938774705
"583","29/10/2004",0.0114462487399578
"584","5/11/2004",0.00879907794296741
"585","12/11/2004",0.00288844644092023
"586","19/11/2004",0.0148247880861163
"587","26/11/2004",0.0158581119030714
"588","3/12/2004",0.0113837216049433
"589","10/12/2004",0.0108149843290448
"590","17/12/2004",0.016480004414916
"591","24/12/2004",0.00565277459099889
"592","31/12/2004",0.0103326234966516
"593","7/1/2005",0.00952647998929024
"594","14/1/2005",0.00556492200121284
"595","21/1/2005",0.00544545659795403
"596","28/1/2005",0.0139923132956028
"597","4/2/2005",0.0221038311719894
"598","11/2/2005",0.0143446810543537
"599","18/2/2005",0.0222623068839312
"600","25/2/2005",0.0164216831326485
"601","4/3/2005",0.0132829779759049
"602","11/3/2005",0.0138165354728699
"603","18/3/2005",0.0154638215899467
"604","25/3/2005",0.0094151021912694
"605","1/4/2005",0.0169141124933958
"606","8/4/2005",0.0255175456404686
"607","15/4/2005",0.0209462735801935
"608","22/4/2005",0.0194665659219027
"609","29/4/2005",0.00290186610072851
"610","6/5/2005",0.0116217602044344
"611","13/5/2005",0.00404703756794333
"612","20/5/2005",0.0116739803925157
"613","27/5/2005",0.00605880236253142
"614","3/6/2005",0.00674027949571609
"615","10/6/2005",0.0114820655435324
"616","17/6/2005",0.00338853662833571
"617","24/6/2005",0.00874335877597332
"618","1/7/2005",0.0115159526467323
"619","8/7/2005",0.00448930310085416
"620","15/7/2005",0.0144150406122208
"621","22/7/2005",0.00625654449686408
"622","29/7/2005",0.00621895492076874
"623","5/8/2005",0.0071448958478868
"624","12/8/2005",0.00447531510144472
"625","19/8/2005",0.00307580269873142
"626","26/8/2005",0.00530528323724866
"627","2/9/2005",0.00480362167581916
"628","9/9/2005",0.0032410598360002
"629","16/9/2005",0.00740037625655532
"630","23/9/2005",0.0025872839614749
"631","30/9/2005",0.0045841271057725
"632","7/10/2005",0.00357934669591486
"633","14/10/2005",0.00333580817095935
"634","21/10/2005",0.00333434366621077
"635","28/10/2005",0.0120017342269421
"636","4/11/2005",0.00328029412776232
"637","11/11/2005",0.00310344900935888
"638","18/11/2005",0.0044589382596314
"639","25/11/2005",0.00246263109147549
"640","2/12/2005",0.00372175266966224
"641","9/12/2005",0.00420986907556653
"642","16/12/2005",0.00277751660905778
"643","23/12/2005",0.0103536499664187
"644","30/12/2005",0.00322928745299578
"645","6/1/2006",0.00257945363409817
"646","13/1/2006",0.0047874660231173
"647","20/1/2006",0.00327211618423462
"648","27/1/2006",0.0149299222975969
"649","3/2/2006",0.0092141404747963
"650","10/2/2006",0.00298199779354036
"651","17/2/2006",0.00384647585451603
"652","24/2/2006",0.00348952086642385
"653","3/3/2006",0.00623065419495106
"654","10/3/2006",0.00478603970259428
"655","17/3/2006",0.0114535018801689
"656","24/3/2006",0.0117801129817963
"657","31/3/2006",0.0077543705701828
"658","7/4/2006",0.00447911955416203
"659","14/4/2006",0.0106454622000456
"660","21/4/2006",0.00348739069886506
"661","28/4/2006",0.00784913171082735
"662","5/5/2006",0.00590150756761432
"663","12/5/2006",0.00464379834011197
"664","19/5/2006",0.00463680131360888
"665","26/5/2006",0.00340799801051617
"666","2/6/2006",0.0060936682857573
"667","9/6/2006",0.00641613313928246
"668","16/6/2006",0.0074379313737154
"669","23/6/2006",0.00529089663177729
"670","30/6/2006",0.00320869986899197
"671","7/7/2006",0.00493802549317479
"672","14/7/2006",0.00261275307275355
"673","21/7/2006",0.00320422672666609
"674","28/7/2006",0.00338588538579643
"675","4/8/2006",0.00260873162187636
"676","11/8/2006",0.00260739075019956
"677","18/8/2006",0.00260611879639328
"678","25/8/2006",0.00260490295477211
"679","1/9/2006",0.00490986043587327
"680","8/9/2006",0.00344324437901378
"681","15/9/2006",0.00436553778126836
"682","22/9/2006",0.0064263972453773
"683","29/9/2006",0.00352813582867384
"684","6/10/2006",0.0109737841412425
"685","13/10/2006",0.00557742780074477
"686","20/10/2006",0.00465500401332974
"687","27/10/2006",0.00966076366603374
"688","3/11/2006",0.0054259579628706
"689","10/11/2006",0.00527984090149403
"690","17/11/2006",0.00469794636592269
"691","24/11/2006",0.00471418583765626
"692","1/12/2006",0.00362309347838163
"693","8/12/2006",0.00320076523348689
"694","15/12/2006",0.00361975189298391
"695","22/12/2006",0.00337833003140986
"696","29/12/2006",0.00605669524520636
"697","5/1/2007",0.00510036526247859
"698","12/1/2007",0.00506857084110379
"699","19/1/2007",0.00334494258277118
"700","26/1/2007",0.00760214123874903
"701","2/2/2007",0.00499872816726565
"702","9/2/2007",0.00279795727692544
"703","16/2/2007",0.00279696355573833
"704","23/2/2007",0.00428497605025768
"705","2/3/2007",0.00390196591615677
"706","9/3/2007",0.00261862226761878
"707","16/3/2007",0.00281735649332404
"708","23/3/2007",0.00261623715050519
"709","30/3/2007",0.00389112276025116
"710","6/4/2007",0.00341033400036395
"711","13/4/2007",0.00261268112808466
"712","20/4/2007",0.0100655686110258
"713","27/4/2007",0.00297220377251506
"714","4/5/2007",0.00297105917707086
"715","11/5/2007",0.00513182673603296
"716","18/5/2007",0.0100142424926162
"717","25/5/2007",0.00706529337912798
"718","1/6/2007",0.0100083108991385
"719","8/6/2007",0.00999772828072309
"720","15/6/2007",0.00408611912280321
"721","22/6/2007",0.00578592158854008
"722","29/6/2007",0.0978124365210533
"723","6/7/2007",0.0412839688360691
"724","13/7/2007",0.0509921386837959
"725","20/7/2007",0.155788198113441
"726","27/7/2007",0.0148226087912917
"727","3/8/2007",0.0326261073350906
"728","10/8/2007",0.0131119387224317
"729","17/8/2007",0.0200605597347021
"730","24/8/2007",0.0106657454743981
"731","31/8/2007",0.0151529144495726
"732","7/9/2007",0.00740126986056566
"733","14/9/2007",0.0557382516562939
"734","21/9/2007",0.117305234074593
"735","28/9/2007",0.233557134866714
"736","5/10/2007",0.116956882178783
"737","12/10/2007",0.0828478932380676
"738","19/10/2007",0.0428206697106361
"739","26/10/2007",0.165555149316788
"740","2/11/2007",0.0574196726083755
"741","9/11/2007",0.0791623070836067
"742","16/11/2007",0.0379586443305016
"743","23/11/2007",0.0492146350443363
"744","30/11/2007",0.0372886098921299
"745","7/12/2007",0.116445742547512
"746","14/12/2007",0.079089067876339
"747","21/12/2007",0.0874798521399498
"748","28/12/2007",0.153095066547394
"749","4/1/2008",0.0469595938920975
"750","11/1/2008",0.585399389266968
"751","18/1/2008",0.0830123648047447
"752","25/1/2008",0.382812976837158
"753","1/2/2008",0.374741733074188
"754","8/2/2008",0.0854168906807899
"755","15/2/2008",0.0907303988933563
"756","22/2/2008",0.0774174332618713
"757","29/2/2008",0.0778346955776215
"758","7/3/2008",0.0483311377465725
"759","14/3/2008",0.0896282568573952
"760","21/3/2008",0.0377663262188435
"761","28/3/2008",0.200615078210831
"762","4/4/2008",0.0482533685863018
"763","11/4/2008",0.0606111064553261
"764","18/4/2008",0.0458003953099251
"765","25/4/2008",0.177626699209213
"766","2/5/2008",0.0555573813617229
"767","9/5/2008",0.11148739606142
"768","16/5/2008",0.0597845204174519
"769","23/5/2008",0.117873296141624
"770","30/5/2008",0.0812057852745056
"771","6/6/2008",0.0555444844067097
"772","13/6/2008",0.0556984134018421
"773","20/6/2008",0.0659778341650963
"774","27/6/2008",0.151127874851227
"775","4/7/2008",0.0653302296996117
"776","11/7/2008",0.0335229113698006
"777","18/7/2008",0.103453531861305
"778","25/7/2008",0.0571725554764271
"779","1/8/2008",0.0357317104935646
"780","8/8/2008",0.036526583135128
"781","15/8/2008",0.0181348212063313
"782","22/8/2008",0.282879859209061
"783","29/8/2008",0.0494185797870159
"784","5/9/2008",0.0237515792250633
"785","12/9/2008",0.0230827573686838
"786","19/9/2008",0.0154651422053576
"787","26/9/2008",0.139989867806435
"788","3/10/2008",0.0789350718259811
"789","10/10/2008",0.128473997116089
"790","17/10/2008",0.198861837387085
"791","24/10/2008",0.271137177944183
"792","31/10/2008",0.262750774621964
"793","7/11/2008",0.173745512962341
"794","14/11/2008",0.371305406093597
"795","21/11/2008",0.103244252502918
"796","28/11/2008",0.116132408380508
"797","5/12/2008",0.0826875418424606
"798","12/12/2008",0.120262257754803
"799","19/12/2008",0.0726948603987694
"800","26/12/2008",0.0258179325610399
"801","2/1/2009",0.0505575649440289
"802","9/1/2009",0.310414284467697
"803","16/1/2009",0.106460243463516
"804","23/1/2009",0.139138996601105
"805","30/1/2009",0.11550048738718
"806","6/2/2009",0.24174539744854
"807","13/2/2009",0.351134479045868
"808","20/2/2009",0.39500367641449
"809","27/2/2009",0.349377542734146
"810","6/3/2009",0.0942939147353172
"811","13/3/2009",0.0826771929860115
"812","20/3/2009",0.0239392556250095
"813","27/3/2009",0.0526203438639641
"814","3/4/2009",0.0501791499555111
"815","10/4/2009",0.0391044691205025
"816","17/4/2009",0.0499032400548458
"817","24/4/2009",0.0274126287549734
"818","1/5/2009",0.031513974070549
"819","8/5/2009",0.169399067759514
"820","15/5/2009",0.192998692393303
"821","22/5/2009",0.193512946367264
"822","29/5/2009",0.262838393449783
"823","5/6/2009",0.273062884807587
"824","12/6/2009",0.183305874466896
"825","19/6/2009",0.194538906216621
"826","26/6/2009",0.152323186397552
"827","3/7/2009",0.0810499638319016
"828","10/7/2009",0.128195449709892
"829","17/7/2009",0.0533606819808483
"830","24/7/2009",0.119216173887253
"831","31/7/2009",0.120441310107708
"832","7/8/2009",0.101998880505562
"833","14/8/2009",0.0992384627461433
"834","21/8/2009",0.0877703577280045
"835","28/8/2009",0.0692547634243965
"836","4/9/2009",0.0769810304045677
"837","11/9/2009",0.0610723569989204
"838","18/9/2009",0.0382280685007572
"839","25/9/2009",0.0619179494678974
"840","2/10/2009",0.121233187615871
"841","9/10/2009",0.0973116829991341
"842","16/10/2009",0.11387675255537
"843","23/10/2009",0.160834446549416
"844","30/10/2009",0.0463115572929382
"845","6/11/2009",0.0429369136691093
"846","13/11/2009",0.0562931261956692
"847","20/11/2009",0.0400232598185539
"848","27/11/2009",0.032561156898737
"849","4/12/2009",0.0341967940330505
"850","11/12/2009",0.16433322429657
"851","18/12/2009",0.0249776411801577
"852","25/12/2009",0.0248580332845449
"853","1/1/2010",0.0247431807219982
"854","8/1/2010",0.028917508199811
"855","15/1/2010",0.0946904718875885
"856","22/1/2010",0.0949385613203049
"857","29/1/2010",0.0266802180558443
"858","5/2/2010",0.103037290275097
"859","12/2/2010",0.0447003729641438
"860","19/2/2010",0.106566362082958
"861","26/2/2010",0.101131781935692
"862","5/3/2010",0.163842186331749
"863","12/3/2010",0.0780830383300781
"864","19/3/2010",0.0223564729094505
"865","26/3/2010",0.0238562505692244
"866","2/4/2010",0.0188692715018988
"867","9/4/2010",0.120768070220947
"868","16/4/2010",0.0240085460245609
"869","23/4/2010",0.0640429109334946
"870","30/4/2010",0.133314684033394
"871","7/5/2010",0.0380988940596581
"872","14/5/2010",0.0898244380950928
"873","21/5/2010",0.0626503676176071
"874","28/5/2010",0.0389571785926819
"875","4/6/2010",0.0350172184407711
"876","11/6/2010",0.0143070090562105
"877","18/6/2010",0.0376058667898178
"878","25/6/2010",0.0509818121790886
"879","2/7/2010",0.0500072836875916
"880","9/7/2010",0.177157342433929
"881","16/7/2010",0.0467098392546177
"882","23/7/2010",0.0267375353723764
"883","30/7/2010",0.0244776047766209
"884","6/8/2010",0.0231503173708916
"885","13/8/2010",0.0155673138797283
"886","20/8/2010",0.027039123699069
"887","27/8/2010",0.0289422702044249
"888","3/9/2010",0.0821189507842064
"889","10/9/2010",0.217999443411827
"890","17/9/2010",0.0248307455331087
"891","24/9/2010",0.0210236310958862
"892","1/10/2010",0.0360050387680531
"893","8/10/2010",0.0445996597409248
"894","15/10/2010",0.0222079008817673
"895","22/10/2010",0.0126158939674497
"896","29/10/2010",0.0146128954365849
"897","5/11/2010",0.0161752887070179
"898","12/11/2010",0.0124458959326148
"899","19/11/2010",0.0326785743236542
"900","26/11/2010",0.0182538256049156
"901","3/12/2010",0.0190014485269785
"902","10/12/2010",0.00782998278737068
"903","17/12/2010",0.0177306681871414
"904","24/12/2010",0.0145167745649815
"905","31/12/2010",0.0145132476463914
"906","7/1/2011",0.00542209157720208
"907","14/1/2011",0.00402833567932248
"908","21/1/2011",0.00495488336309791
"909","28/1/2011",0.00536469789221883
"910","4/2/2011",0.00736842304468155
"911","11/2/2011",0.0052717481739819
"912","18/2/2011",0.0052680941298604
"913","25/2/2011",0.00890845712274313
"914","4/3/2011",0.0188966579735279
"915","11/3/2011",0.0104023730382323
"916","18/3/2011",0.00679452577605844
"917","25/3/2011",0.0106097292155027
"918","1/4/2011",0.0265487693250179
"919","8/4/2011",0.00734938820824027
"920","15/4/2011",0.0104945069178939
"921","22/4/2011",0.00420893169939518
"922","29/4/2011",0.0108860908076167
"923","6/5/2011",0.00397769175469875
"924","13/5/2011",0.00397476460784674
"925","20/5/2011",0.00459340354427695
"926","27/5/2011",0.00439357105642557
"927","3/6/2011",0.00897330138832331
"928","10/6/2011",0.0326104313135147
"929","17/6/2011",0.145990505814552
"930","24/6/2011",0.0698399394750595
"931","1/7/2011",0.0699137598276138
"932","8/7/2011",0.091004341840744
"933","15/7/2011",0.110189691185951
"934","22/7/2011",0.445708394050598
"935","29/7/2011",0.0302550420165062
"936","5/8/2011",0.0303046554327011
"937","12/8/2011",0.0560590922832489
"938","19/8/2011",0.0125951441004872
"939","26/8/2011",0.116545893251896
"940","2/9/2011",0.0442957356572151
"941","9/9/2011",0.0188238713890314
"942","16/9/2011",0.0316510647535324
"943","23/9/2011",0.0372823812067509
"944","30/9/2011",0.0498243197798729
"945","7/10/2011",0.0229976698756218
"946","14/10/2011",0.0526587590575218
"947","21/10/2011",0.06747967004776
"948","28/10/2011",0.0698278248310089
"949","4/11/2011",0.0695588067173958
"950","11/11/2011",0.0289882998913527
"951","18/11/2011",0.0850577503442764
"952","25/11/2011",0.243724524974823
"953","2/12/2011",0.10270506888628
"954","9/12/2011",0.155921995639801
"955","16/12/2011",0.0948745608329773
"956","23/12/2011",0.0463435910642147
"957","30/12/2011",0.0746495351195335
"958","6/1/2012",0.024214768782258
"959","13/1/2012",0.0418731980025768
"960","20/1/2012",0.0370480194687843
"961","27/1/2012",0.0565572418272495
"962","3/2/2012",0.0252252370119095
"963","10/2/2012",0.0208589918911457
"964","17/2/2012",0.0600180737674236
"965","24/2/2012",0.0282408650964499
"966","2/3/2012",0.0234419405460358
"967","9/3/2012",0.0357308648526669
"968","16/3/2012",0.0459396578371525
"969","23/3/2012",0.0291931331157684
"970","30/3/2012",0.176230579614639
"971","6/4/2012",0.0502915605902672
"972","13/4/2012",0.0358469448983669
"973","20/4/2012",0.132227018475533
"974","27/4/2012",0.00996972341090441
"975","4/5/2012",0.0801722556352615
"976","11/5/2012",0.037812352180481
"977","18/5/2012",0.0201167147606611
"978","25/5/2012",0.0179524756968021
"979","1/6/2012",0.0220361333340406
"980","8/6/2012",0.0138145796954632
"981","15/6/2012",0.0317750349640846
"982","22/6/2012",0.0124990427866578
"983","29/6/2012",0.031892966479063
"984","6/7/2012",0.0202582739293575
"985","13/7/2012",0.0436890497803688
"986","20/7/2012",0.0243452992290258
"987","27/7/2012",0.0199976619333029
"988","3/8/2012",0.0252279564738274
"989","10/8/2012",0.0251240618526936
"990","17/8/2012",0.0500915609300137
"991","24/8/2012",0.0192525498569012
"992","31/8/2012",0.011712952516973
"993","7/9/2012",0.0221786480396986
"994","14/9/2012",0.131654143333435
"995","21/9/2012",0.016924986615777
"996","28/9/2012",0.0566057674586773
"997","5/10/2012",0.0123390229418874
"998","12/10/2012",0.0136361485347152
"999","19/10/2012",0.00575224496424198
"1000","26/10/2012",0.0104983253404498
"1001","2/11/2012",0.00664372090250254
"1002","9/11/2012",0.00663912435993552
"1003","16/11/2012",0.00663343211635947
"1004","23/11/2012",0.00662886211648583
"1005","30/11/2012",0.00662320572882891
"1006","7/12/2012",0.0115817943587899
"1007","14/12/2012",0.0198172274976969
"1008","21/12/2012",0.0332247875630856
"1009","28/12/2012",0.00924954656511545
"1010","4/1/2013",0.0221188627183437
"1011","11/1/2013",0.00948900636285543
"1012","18/1/2013",0.0157672204077244
"1013","25/1/2013",0.0122249973937869
"1014","1/2/2013",0.00371430953964591
"1015","8/2/2013",0.00565957557410002
"1016","15/2/2013",0.00887962337583303
"1017","22/2/2013",0.0167758371680975
"1018","1/3/2013",0.0127110816538334
"1019","8/3/2013",0.0148467542603612
"1020","15/3/2013",0.00719169713556767
"1021","22/3/2013",0.00527973845601082
"1022","29/3/2013",0.0091808894649148
"1023","5/4/2013",0.0112219136208296
"1024","12/4/2013",0.0044165663421154
"1025","19/4/2013",0.00384106207638979
"1026","26/4/2013",0.0057201087474823
"1027","3/5/2013",0.00571458972990513
"1028","10/5/2013",0.00993077736347914
"1029","17/5/2013",0.00925799272954464
"1030","24/5/2013",0.00515156239271164
"1031","31/5/2013",0.00523370783776045
"1032","7/6/2013",0.00429385993629694
"1033","14/6/2013",0.00921879429370165
"1034","21/6/2013",0.00714991101995111
"1035","28/6/2013",0.00570397591218352
"1036","5/7/2013",0.00718612968921661
"1037","12/7/2013",0.00349904457107186
"1038","19/7/2013",0.00599416717886925
"1039","26/7/2013",0.00782211497426033
"1040","2/8/2013",0.0076884119771421
"1041","9/8/2013",0.00568959303200245
"1042","16/8/2013",0.00453921593725681
"1043","23/8/2013",0.00791143346577883
"1044","30/8/2013",0.00949427485466003
"1045","6/9/2013",0.00682361889630556
"1046","13/9/2013",0.00544603262096643
"1047","20/9/2013",0.00743100652471185
"1048","27/9/2013",0.00742195546627045
"1049","4/10/2013",0.00388448778539896
"1050","11/10/2013",0.00334064848721027
"1051","18/10/2013",0.00509489001706243
"1052","25/10/2013",0.00502623151987791
"1053","1/11/2013",0.00675221020355821
"1054","8/11/2013",0.00718691851943731
"1055","15/11/2013",0.00674678524956107
"1056","22/11/2013",0.0049509285017848
"1057","29/11/2013",0.00552081782370806
"1058","6/12/2013",0.0183685850352049
"1059","13/12/2013",0.0309294238686562
"1060","20/12/2013",0.00883387215435505
"1061","27/12/2013",0.0078135821968317
"1062","3/1/2014",0.00525856437161565
"1063","10/1/2014",0.00737717188894749
"1064","17/1/2014",0.0069625792093575
"1065","24/1/2014",0.00577282253652811
"1066","31/1/2014",0.00448772218078375
"1067","7/2/2014",0.00586828356608748
"1068","14/2/2014",0.00419844035059214
"1069","21/2/2014",0.00320740090683103
"1070","28/2/2014",0.00369385676458478
"1071","7/3/2014",0.00418994249776006
"1072","14/3/2014",0.00606993166729808
"1073","21/3/2014",0.00528571708127856
"1074","28/3/2014",0.00795604661107063
"1075","4/4/2014",0.0062622744590044
"1076","11/4/2014",0.00409054011106491
"1077","18/4/2014",0.00746644381433725
"1078","25/4/2014",0.00446603912860155
"1079","2/5/2014",0.00524937873706222
"1080","9/5/2014",0.00613280339166522
"1081","16/5/2014",0.00960979703813791
"1082","23/5/2014",0.00692301942035556
"1083","30/5/2014",0.00425253110006452
"1084","6/6/2014",0.00425007846206427
"1085","13/6/2014",0.0853054225444794
"1086","20/6/2014",0.110341310501099
"1087","27/6/2014",0.0734840407967567
"1088","4/7/2014",0.0584215223789215
"1089","11/7/2014",0.0660697668790817
"1090","18/7/2014",0.0508723743259907
"1091","25/7/2014",0.0710427761077881
"1092","1/8/2014",0.119899071753025
"1093","8/8/2014",0.0399469956755638
"1094","15/8/2014",0.0555737763643265
"1095","22/8/2014",0.0334037691354752
"1096","29/8/2014",0.0215537436306477
"1097","5/9/2014",0.0686696171760559
"1098","12/9/2014",0.0688047483563423
"1099","19/9/2014",0.0140280537307262
"1100","26/9/2014",0.0207929089665413
"1101","3/10/2014",0.0104209678247571
"1102","10/10/2014",0.00992545206099749
"1103","17/10/2014",0.0169952008873224
"1104","24/10/2014",0.0396576598286629
"1105","31/10/2014",0.0128589291125536
"1106","7/11/2014",0.0154725071042776
"1107","14/11/2014",0.0253887381404638
"1108","21/11/2014",0.00997427105903625
"1109","28/11/2014",0.00996512174606323
"1110","5/12/2014",0.00995812378823757
"1111","12/12/2014",0.0155206816270947
"1112","19/12/2014",0.0520900674164295
"1113","26/12/2014",0.015481797978282
"1114","2/1/2015",0.0448106713593006
"1115","9/1/2015",0.0390061065554619
"1116","16/1/2015",0.0429973937571049
"1117","23/1/2015",0.0346668064594269
"1118","30/1/2015",0.0261682104319334
"1119","6/2/2015",0.01822330057621
"1120","13/2/2015",0.0159787312150002
"1121","20/2/2015",0.0195955168455839
"1122","27/2/2015",0.0229974761605263
"1123","6/3/2015",0.00947647076100111
"1124","13/3/2015",0.0217884220182896
"1125","20/3/2015",0.00852073263376951
"1126","27/3/2015",0.0165363643318415
"1127","3/4/2015",0.0103458352386951
"1128","10/4/2015",0.009846699424088
"1129","17/4/2015",0.0118282986804843
"1130","24/4/2015",0.00947624258697033
"1131","1/5/2015",0.00939264800399542
"1132","8/5/2015",0.00842243060469627
"1133","15/5/2015",0.0038861355278641
"1134","22/5/2015",0.00430051097646356
"1135","29/5/2015",0.00294617819599807
"1136","5/6/2015",0.00334448460489511
"1137","12/6/2015",0.00795685593038797
"1138","19/6/2015",0.00613854872062802
"1139","26/6/2015",0.00520301098003983
"1140","3/7/2015",0.00310188438743353
"1141","10/7/2015",0.00703708594664931
"1142","17/7/2015",0.00725937867537141
"1143","24/7/2015",0.0552453212440014
"1144","31/7/2015",0.00764995208010077
"1145","7/8/2015",0.0204524807631969
"1146","14/8/2015",0.0235890839248896
"1147","21/8/2015",0.0124268047511578
"1148","28/8/2015",0.0212006215006113
"1149","4/9/2015",0.0195163879543543
"1150","11/9/2015",0.0550053156912327
"1151","18/9/2015",0.0227128509432077
"1152","25/9/2015",0.0468320958316326
"1153","2/10/2015",0.0322699584066868
"1154","9/10/2015",0.0156835112720728
"1155","16/10/2015",0.0503726191818714
"1156","23/10/2015",0.00969725102186203
"1157","30/10/2015",0.0171195361763239
"1158","6/11/2015",0.0386387668550014
"1159","13/11/2015",0.0587603040039539
"1160","20/11/2015",0.0178735572844744
"1161","27/11/2015",0.0325839035212994
"1162","4/12/2015",0.0142897563055158
"1163","11/12/2015",0.116109803318977
"1164","18/12/2015",0.0369322933256626
"1165","25/12/2015",0.0602364987134933
"1166","1/1/2016",0.0956017971038818
"1167","8/1/2016",0.123185247182846
"1168","15/1/2016",0.0605299882590771
"1169","22/1/2016",0.0668483972549438
"1170","29/1/2016",0.0915603712201118
"1171","5/2/2016",0.0638109147548676
"1172","12/2/2016",0.0381217747926712
"1173","19/2/2016",0.0277675855904818
"1174","26/2/2016",0.055551428347826
"1175","4/3/2016",0.0349701195955276
"1176","11/3/2016",0.0669598057866096
"1177","18/3/2016",0.0327044203877449
"1178","25/3/2016",0.0327236950397491
"1179","1/4/2016",0.0953551828861237
"1180","8/4/2016",0.0345532596111298
"1181","15/4/2016",0.0703670978546143
"1182","22/4/2016",0.0698645189404488
"1183","29/4/2016",0.0860523283481598
"1184","6/5/2016",0.0864969193935394
"1185","13/5/2016",0.0508003197610378
"1186","20/5/2016",0.0780791938304901
"1187","27/5/2016",0.0713046342134476
"1188","3/6/2016",0.0382240191102028
"1189","10/6/2016",0.0162689425051212
"1190","17/6/2016",0.00991488713771105
"1191","24/6/2016",0.00474144471809268
"1192","1/7/2016",0.00582571234554052
"1193","8/7/2016",0.00912171509116888
"1194","15/7/2016",0.00993758719414473
"1195","22/7/2016",0.00993343535810709
"1196","29/7/2016",0.0060066725127399
"1197","5/8/2016",0.00755709083750844
"1198","12/8/2016",0.0108097828924656
"1199","19/8/2016",0.00754268188029528
"1200","26/8/2016",0.0121766272932291
"1201","2/9/2016",0.00592622719705105
"1202","9/9/2016",0.0131850708276033
"1203","16/9/2016",0.00648191571235657
"1204","23/9/2016",0.00493352161720395
"1205","30/9/2016",0.00941241160035133
"1206","7/10/2016",0.012411879375577
"1207","14/10/2016",0.00352319073863328
"1208","21/10/2016",0.00508769927546382
"1209","28/10/2016",0.0056633735075593
"1210","4/11/2016",0.0117989955469966
"1211","11/11/2016",0.0043166670948267
"1212","18/11/2016",0.00565554387867451
"1213","25/11/2016",0.00622243341058493
"1214","2/12/2016",0.00706381490454078
"1215","9/12/2016",0.00894024409353733
"1216","16/12/2016",0.00569546082988381
"1217","23/12/2016",0.00745561346411705
"1218","30/12/2016",0.00505103543400764
"1219","6/1/2017",0.00704610534012318
"1220","13/1/2017",0.0172887574881315
"1221","20/1/2017",0.00369711872190237
"1222","27/1/2017",0.0049018575809896
"1223","3/2/2017",0.0066255466081202
"1224","10/2/2017",0.00607730075716972
"1225","17/2/2017",0.0046576471067965
"1226","24/2/2017",0.00516356527805328
"1227","3/3/2017",0.00391160603612661
"1228","10/3/2017",0.0097247464582324
"1229","17/3/2017",0.0178735740482807
"1230","24/3/2017",0.00547841982915998
"1231","31/3/2017",0.00740781938657165
"1232","7/4/2017",0.00417757593095303
"1233","14/4/2017",0.0111989639699459
"1234","21/4/2017",0.0117790969088674
"1235","28/4/2017",0.00565016688778996
"1236","5/5/2017",0.00800203252583742
"1237","12/5/2017",0.010396096855402
"1238","19/5/2017",0.0103891231119633
"1239","26/5/2017",0.0121580120176077
"1240","2/6/2017",0.0236878842115402
"1241","9/6/2017",0.00895483233034611
"1242","16/6/2017",0.0266494285315275
"1243","23/6/2017",0.00735970214009285
"1244","30/6/2017",0.00746306963264942
"1245","7/7/2017",0.00423345621675253
"1246","14/7/2017",0.00516267633065581
"1247","21/7/2017",0.00655575608834624
"1248","28/7/2017",0.00536924414336681
"1249","4/8/2017",0.00362980947829783
"1250","11/8/2017",0.00442876294255257
"1251","18/8/2017",0.00636715395376086
"1252","25/8/2017",0.00803406536579132
"1253","1/9/2017",0.00628201756626368
"1254","8/9/2017",0.0089890044182539
"1255","15/9/2017",0.0121284620836377
"1256","22/9/2017",0.00822974741458893
"1257","29/9/2017",0.00498622143641114
"1258","6/10/2017",0.00835489761084318
"1259","13/10/2017",0.00835226289927959
"1260","20/10/2017",0.00647175032645464
"1261","27/10/2017",0.00661014299839735
"1262","3/11/2017",0.0050653493963182
"1263","10/11/2017",0.00506288232281804
"1264","17/11/2017",0.00506044970825315
"1265","24/11/2017",0.00832197070121765
"1266","1/12/2017",0.0139214610680938
"1267","8/12/2017",0.00926301442086697
"1268","15/12/2017",0.019127270206809
"1269","22/12/2017",0.002751947613433
"1270","29/12/2017",0.00765324430540204
"1271","5/1/2018",0.00424889009445906
"1272","12/1/2018",0.0297081358730793
"1273","19/1/2018",0.0246405601501465
"1274","26/1/2018",0.0842039659619331
"1275","2/2/2018",0.0567558594048023
"1276","9/2/2018",0.0375561192631721
"1277","16/2/2018",0.0363888591527939
"1278","23/2/2018",0.337457895278931
"1279","2/3/2018",0.0455817431211472
"1280","9/3/2018",0.0790194943547249
"1281","16/3/2018",0.259760200977325
"1282","23/3/2018",0.070698082447052
"1283","30/3/2018",0.0410600863397121
"1284","6/4/2018",0.0555156245827675
"1285","13/4/2018",0.124177142977715
"1286","20/4/2018",0.0181497447192669
"1287","27/4/2018",0.0451307818293571
"1288","4/5/2018",0.0320560969412327
"1289","11/5/2018",0.0165016502141953
"1290","18/5/2018",0.0175579637289047
"1291","25/5/2018",0.0466160587966442
"1292","1/6/2018",0.0379645675420761
"1293","8/6/2018",0.0268253032118082
"1294","15/6/2018",0.047345232218504
"1295","22/6/2018",0.0234774276614189
"1296","29/6/2018",0.0259425193071365
"1297","6/7/2018",0.0233713965862989
"1298","13/7/2018",0.0071919085457921
"1299","20/7/2018",0.00840405561029911
"1300","27/7/2018",0.0271510202437639
"1301","3/8/2018",0.00961967278271914
"1302","10/8/2018",0.00553928455337882
"1303","17/8/2018",0.00755331525579095
"1304","24/8/2018",0.0120699964463711
"1305","31/8/2018",0.00917225237935781
"1306","7/9/2018",0.0129941971972585
"1307","14/9/2018",0.0159060340374708
"1308","21/9/2018",0.00570653192698956
"1309","28/9/2018",0.0206884741783142
