,Y_date,X0.06118543446064
1,3/9/1993,0.061185434
2,10/9/1993,0.033237409
3,17/9/1993,0.158599526
4,24/9/1993,0.102092378
5,1/10/1993,0.040939484
6,8/10/1993,0.099876322
7,15/10/1993,0.039737612
8,22/10/1993,0.062106244
9,29/10/1993,0.099545389
10,5/11/1993,0.052665859
11,12/11/1993,0.054737769
12,19/11/1993,0.10757339
13,26/11/1993,0.152222693
14,3/12/1993,0.790604293
15,10/12/1993,0.161498904
16,17/12/1993,0.150454327
17,24/12/1993,0.023523513
18,31/12/1993,0.311311275
19,7/1/1994,0.754322588
20,14/1/1994,0.695139945
21,21/1/1994,0.504340827
22,28/1/1994,0.281363159
23,4/2/1994,0.359685391
24,11/2/1994,0.775721788
25,18/2/1994,0.146117732
26,25/2/1994,0.082014546
27,4/3/1994,0.072424598
28,11/3/1994,0.100026779
29,18/3/1994,0.346414208
30,25/3/1994,0.59305799
31,1/4/1994,0.317521781
32,8/4/1994,0.124238245
33,15/4/1994,0.103948824
34,22/4/1994,0.085627541
35,29/4/1994,0.138988048
36,6/5/1994,0.077912956
37,13/5/1994,0.055040035
38,20/5/1994,0.67169857
39,27/5/1994,0.57188499
40,3/6/1994,0.065646268
41,10/6/1994,0.136836722
42,17/6/1994,0.068438448
43,24/6/1994,0.065551817
44,1/7/1994,0.057898059
45,8/7/1994,0.058455922
46,15/7/1994,0.081597283
47,22/7/1994,0.151123986
48,29/7/1994,0.045808818
49,5/8/1994,0.066754527
50,12/8/1994,0.187072083
51,19/8/1994,0.111710787
52,26/8/1994,0.08029028
53,2/9/1994,0.070294112
54,9/9/1994,0.107495815
55,16/9/1994,0.048422705
56,23/9/1994,0.102824703
57,30/9/1994,0.059460301
58,7/10/1994,0.036452811
59,14/10/1994,0.348509878
60,21/10/1994,0.369026095
61,28/10/1994,0.608157814
62,4/11/1994,0.150091231
63,11/11/1994,0.140754223
64,18/11/1994,0.059732653
65,25/11/1994,0.695637047
66,2/12/1994,0.740434468
67,9/12/1994,0.73387754
68,16/12/1994,0.1453145
69,23/12/1994,0.109709121
70,30/12/1994,0.110719606
71,6/1/1995,0.089453824
72,13/1/1995,0.05620062
73,20/1/1995,0.047735285
74,27/1/1995,0.14348419
75,3/2/1995,0.111192495
76,10/2/1995,0.085672557
77,17/2/1995,0.042191777
78,24/2/1995,0.060060605
79,3/3/1995,0.083409563
80,10/3/1995,0.065245099
81,17/3/1995,0.060775239
82,24/3/1995,0.054063473
83,31/3/1995,0.042343915
84,7/4/1995,0.048984196
85,14/4/1995,0.069023937
86,21/4/1995,0.067980908
87,28/4/1995,0.024318149
88,5/5/1995,0.016874656
89,12/5/1995,0.111115843
90,19/5/1995,0.033740073
91,26/5/1995,0.048795916
92,2/6/1995,0.03523238
93,9/6/1995,0.016257057
94,16/6/1995,0.026170593
95,23/6/1995,0.058944583
96,30/6/1995,0.029742384
97,7/7/1995,0.035815638
98,14/7/1995,0.026787607
99,21/7/1995,0.038846154
100,28/7/1995,0.045030069
101,4/8/1995,0.047673691
102,11/8/1995,0.033941064
103,18/8/1995,0.028045619
104,25/8/1995,0.018384576
105,1/9/1995,0.023630839
106,8/9/1995,0.023931246
107,15/9/1995,0.01623919
108,22/9/1995,0.03492235
109,29/9/1995,0.024649134
110,6/10/1995,0.372765183
111,13/10/1995,0.042445477
112,20/10/1995,0.027552895
113,27/10/1995,0.010827051
114,3/11/1995,0.014242797
115,10/11/1995,0.013922286
116,17/11/1995,0.089792453
117,24/11/1995,0.023571838
118,1/12/1995,0.013850564
119,8/12/1995,0.014059898
120,15/12/1995,0.016538365
121,22/12/1995,0.011087772
122,29/12/1995,0.008764295
123,5/1/1996,0.024802456
124,12/1/1996,0.060474664
125,19/1/1996,0.01425616
126,26/1/1996,0.053012226
127,2/2/1996,0.608775616
128,9/2/1996,0.018146925
129,16/2/1996,0.092013717
130,23/2/1996,0.037739545
131,1/3/1996,0.064632595
132,8/3/1996,0.021143353
133,15/3/1996,0.072617538
134,22/3/1996,0.071385577
135,29/3/1996,0.091111489
136,5/4/1996,0.059825327
137,12/4/1996,0.037601698
138,19/4/1996,0.018023558
139,26/4/1996,0.013133225
140,3/5/1996,0.00842845
141,10/5/1996,0.032494836
142,17/5/1996,0.040866096
143,24/5/1996,0.04819781
144,31/5/1996,0.012040023
145,7/6/1996,0.009234256
146,14/6/1996,0.031108458
147,21/6/1996,0.018164316
148,28/6/1996,0.017613703
149,5/7/1996,0.012142451
150,12/7/1996,0.015173535
151,19/7/1996,0.016817383
152,26/7/1996,0.007670857
153,2/8/1996,0.02011851
154,9/8/1996,0.012900529
155,16/8/1996,0.006761945
156,23/8/1996,0.007760885
157,30/8/1996,0.008344987
158,6/9/1996,0.011115292
159,13/9/1996,0.007990201
160,20/9/1996,0.018786712
161,27/9/1996,0.042388313
162,4/10/1996,0.008152307
163,11/10/1996,0.010020157
164,18/10/1996,0.012514466
165,25/10/1996,0.014187071
166,1/11/1996,0.016436107
167,8/11/1996,0.047074594
168,15/11/1996,0.021381292
169,22/11/1996,0.010703736
170,29/11/1996,0.007695119
171,6/12/1996,0.085700877
172,13/12/1996,0.058200039
173,20/12/1996,0.018889472
174,27/12/1996,0.033515293
175,3/1/1997,0.052854326
176,10/1/1997,0.00664115
177,17/1/1997,0.047568038
178,24/1/1997,0.011545768
179,31/1/1997,0.071828313
180,7/2/1997,0.577510953
181,14/2/1997,0.033002988
182,21/2/1997,0.042215899
183,28/2/1997,0.007620215
184,7/3/1997,0.022272943
185,14/3/1997,0.010245695
186,21/3/1997,0.042218573
187,28/3/1997,0.048481837
188,4/4/1997,0.005750691
189,11/4/1997,0.032098603
190,18/4/1997,0.04670332
191,25/4/1997,0.023315281
192,2/5/1997,0.02959284
193,9/5/1997,0.02416073
194,16/5/1997,0.093668371
195,23/5/1997,0.06036967
196,30/5/1997,0.060739782
197,6/6/1997,0.102833606
198,13/6/1997,0.029880375
199,20/6/1997,0.078331903
200,27/6/1997,0.049596313
201,4/7/1997,0.076470345
202,11/7/1997,0.448699236
203,18/7/1997,0.640091717
204,25/7/1997,0.377410144
205,1/8/1997,0.101442486
206,8/8/1997,0.044527706
207,15/8/1997,0.114315532
208,22/8/1997,0.058096897
209,29/8/1997,0.097009666
210,5/9/1997,0.350858361
211,12/9/1997,0.47824496
212,19/9/1997,0.684926748
213,26/9/1997,0.855870426
214,3/10/1997,0.636201382
215,10/10/1997,0.076841094
216,17/10/1997,0.072791368
217,24/10/1997,0.068805374
218,31/10/1997,0.155828029
219,7/11/1997,0.816612303
220,14/11/1997,0.133290693
221,21/11/1997,0.175875545
222,28/11/1997,0.798744678
223,5/12/1997,0.738820314
224,12/12/1997,0.046590772
225,19/12/1997,0.042155255
226,26/12/1997,0.033889726
227,2/1/1998,0.086768582
228,9/1/1998,0.047124833
229,16/1/1998,0.089453571
230,23/1/1998,0.066178098
231,30/1/1998,0.117565304
232,6/2/1998,0.082643785
233,13/2/1998,0.091401935
234,20/2/1998,0.061178572
235,27/2/1998,0.080180362
236,6/3/1998,0.048389837
237,13/3/1998,0.084211253
238,20/3/1998,0.115311384
239,27/3/1998,0.790969551
240,3/4/1998,0.768691659
241,10/4/1998,0.882533133
242,17/4/1998,0.882523835
243,24/4/1998,0.795290053
244,1/5/1998,0.835007012
245,8/5/1998,0.071884423
246,15/5/1998,0.043989021
247,22/5/1998,0.046080016
248,29/5/1998,0.034916323
249,5/6/1998,0.091461316
250,12/6/1998,0.120135382
251,19/6/1998,0.696799636
252,26/6/1998,0.697159827
253,3/7/1998,0.767095625
254,10/7/1998,0.17730765
255,17/7/1998,0.032808792
256,24/7/1998,0.035532501
257,31/7/1998,0.023411402
258,7/8/1998,0.036949631
259,14/8/1998,0.094075568
260,21/8/1998,0.069177657
261,28/8/1998,0.043428361
262,4/9/1998,0.036454894
263,11/9/1998,0.0204124
264,18/9/1998,0.044909101
265,25/9/1998,0.053554401
266,2/10/1998,0.097703926
267,9/10/1998,0.047357082
268,16/10/1998,0.022146298
269,23/10/1998,0.144790813
270,30/10/1998,0.589680135
271,6/11/1998,0.071685292
272,13/11/1998,0.084620297
273,20/11/1998,0.143713117
274,27/11/1998,0.143885523
275,4/12/1998,0.16341266
276,11/12/1998,0.657835543
277,18/12/1998,0.837631583
278,25/12/1998,0.75446558
279,1/1/1999,0.075586155
280,8/1/1999,0.092245243
281,15/1/1999,0.196977451
282,22/1/1999,0.067796864
283,29/1/1999,0.038608126
284,5/2/1999,0.072761916
285,12/2/1999,0.068115175
286,19/2/1999,0.103090607
287,26/2/1999,0.141808137
288,5/3/1999,0.104206674
289,12/3/1999,0.091448463
290,19/3/1999,0.133997768
291,26/3/1999,0.091149509
292,2/4/1999,0.136912763
293,9/4/1999,0.435978293
294,16/4/1999,0.416049331
295,23/4/1999,0.177304551
296,30/4/1999,0.097944342
297,7/5/1999,0.043682463
298,14/5/1999,0.03506704
299,21/5/1999,0.04201325
300,28/5/1999,0.047296144
301,4/6/1999,0.048924811
302,11/6/1999,0.538473725
303,18/6/1999,0.142957851
304,25/6/1999,0.1365311
305,2/7/1999,0.047029566
306,9/7/1999,0.200129151
307,16/7/1999,0.103944831
308,23/7/1999,0.08650963
309,30/7/1999,0.058913749
310,6/8/1999,0.160755053
311,13/8/1999,0.565522075
312,20/8/1999,0.324531943
313,27/8/1999,0.06077791
314,3/9/1999,0.112703599
315,10/9/1999,0.030954968
316,17/9/1999,0.154945046
317,24/9/1999,0.074634165
318,1/10/1999,0.058138944
319,8/10/1999,0.06048201
320,15/10/1999,0.056415599
321,22/10/1999,0.114299402
322,29/10/1999,0.068041362
323,5/11/1999,0.046742462
324,12/11/1999,0.077591598
325,19/11/1999,0.139217854
326,26/11/1999,0.52288419
327,3/12/1999,0.210849613
328,10/12/1999,0.092533909
329,17/12/1999,0.123138174
330,24/12/1999,0.254215658
331,31/12/1999,0.064106956
332,7/1/2000,0.065789759
333,14/1/2000,0.054070462
334,21/1/2000,0.06678541
335,28/1/2000,0.081572145
336,4/2/2000,0.099180885
337,11/2/2000,0.151219159
338,18/2/2000,0.199988365
339,25/2/2000,0.113869354
340,3/3/2000,0.468885124
341,10/3/2000,0.774141431
342,17/3/2000,0.122981653
343,24/3/2000,0.101519771
344,31/3/2000,0.124146961
345,7/4/2000,0.451746583
346,14/4/2000,0.634129465
347,21/4/2000,0.231805518
348,28/4/2000,0.049991384
349,5/5/2000,0.017782263
350,12/5/2000,0.048329171
351,19/5/2000,0.045376059
352,26/5/2000,0.038961653
353,2/6/2000,0.022862393
354,9/6/2000,0.0129026
355,16/6/2000,0.017429929
356,23/6/2000,0.031460948
357,30/6/2000,0.091701142
358,7/7/2000,0.031355821
359,14/7/2000,0.0920946
360,21/7/2000,0.041388135
361,28/7/2000,0.123917356
362,4/8/2000,0.582563341
363,11/8/2000,0.773191392
364,18/8/2000,0.079587922
365,25/8/2000,0.106595695
366,1/9/2000,0.72213316
367,8/9/2000,0.399572611
368,15/9/2000,0.03643661
369,22/9/2000,0.076978147
370,29/9/2000,0.150181353
371,6/10/2000,0.088914789
372,13/10/2000,0.203515232
373,20/10/2000,0.180537209
374,27/10/2000,0.117115594
375,3/11/2000,0.021437297
376,10/11/2000,0.039785486
377,17/11/2000,0.145732194
378,24/11/2000,0.073104829
379,1/12/2000,0.062599674
380,8/12/2000,0.050294474
381,15/12/2000,0.138447031
382,22/12/2000,0.037077818
383,29/12/2000,0.115401261
384,5/1/2001,0.097651497
385,12/1/2001,0.187448844
386,19/1/2001,0.324369669
387,26/1/2001,0.348989576
388,2/2/2001,0.057097808
389,9/2/2001,0.276857644
390,16/2/2001,0.788601637
391,23/2/2001,0.132869989
392,2/3/2001,0.077321
393,9/3/2001,0.048101585
394,16/3/2001,0.039920826
395,23/3/2001,0.045158304
396,30/3/2001,0.072086394
397,6/4/2001,0.051875163
398,13/4/2001,0.059325159
399,20/4/2001,0.084055625
400,27/4/2001,0.07421083
401,4/5/2001,0.220053807
402,11/5/2001,0.234458759
403,18/5/2001,0.127948508
404,25/5/2001,0.067727581
405,1/6/2001,0.132315174
406,8/6/2001,0.240121558
407,15/6/2001,0.100326911
408,22/6/2001,0.191752493
409,29/6/2001,0.115558885
410,6/7/2001,0.154493466
411,13/7/2001,0.399012595
412,20/7/2001,0.658121526
413,27/7/2001,0.516706049
414,3/8/2001,0.599549294
415,10/8/2001,0.513451517
416,17/8/2001,0.060067926
417,24/8/2001,0.09070988
418,31/8/2001,0.062911958
419,7/9/2001,0.150279582
420,14/9/2001,0.267823368
421,21/9/2001,0.185517162
422,28/9/2001,0.042356599
423,5/10/2001,0.124560863
424,12/10/2001,0.092650667
425,19/10/2001,0.065026022
426,26/10/2001,0.105959356
427,2/11/2001,0.111660838
428,9/11/2001,0.497036487
429,16/11/2001,0.083768018
430,23/11/2001,0.096403584
431,30/11/2001,0.108202294
432,7/12/2001,0.690427184
433,14/12/2001,0.034021381
434,21/12/2001,0.027839495
435,28/12/2001,0.07831338
436,4/1/2002,0.084701054
437,11/1/2002,0.054609146
438,18/1/2002,0.036388166
439,25/1/2002,0.037326906
440,1/2/2002,0.056181379
441,8/2/2002,0.030613398
442,15/2/2002,0.036220089
443,22/2/2002,0.100912943
444,1/3/2002,0.060304396
445,8/3/2002,0.054534923
446,15/3/2002,0.0478817
447,22/3/2002,0.061046779
448,29/3/2002,0.066272028
449,5/4/2002,0.018092858
450,12/4/2002,0.078134574
451,19/4/2002,0.323390335
452,26/4/2002,0.064203799
453,3/5/2002,0.155310422
454,10/5/2002,0.590501606
455,17/5/2002,0.110481113
456,24/5/2002,0.06072095
457,31/5/2002,0.049164437
458,7/6/2002,0.042192932
459,14/6/2002,0.429517239
460,21/6/2002,0.04732604
461,28/6/2002,0.09223482
462,5/7/2002,0.072232343
463,12/7/2002,0.085208759
464,19/7/2002,0.0629519
465,26/7/2002,0.575888574
466,2/8/2002,0.013631384
467,9/8/2002,0.056852702
468,16/8/2002,0.024414444
469,23/8/2002,0.016060561
470,30/8/2002,0.032347213
471,6/9/2002,0.026054259
472,13/9/2002,0.039533101
473,20/9/2002,0.07391654
474,27/9/2002,0.036157329
475,4/10/2002,0.03384693
476,11/10/2002,0.045210622
477,18/10/2002,0.092195302
478,25/10/2002,0.077835314
479,1/11/2002,0.109013021
480,8/11/2002,0.031140059
481,15/11/2002,0.041599069
482,22/11/2002,0.025211236
483,29/11/2002,0.020513728
484,6/12/2002,0.012311237
485,13/12/2002,0.018800324
486,20/12/2002,0.013728471
487,27/12/2002,0.008148849
488,3/1/2003,0.007693568
489,10/1/2003,0.016455414
490,17/1/2003,0.03289672
491,24/1/2003,0.028747771
492,31/1/2003,0.041919596
493,7/2/2003,0.107564658
494,14/2/2003,0.023999836
495,21/2/2003,0.0145861
496,28/2/2003,0.031851701
497,7/3/2003,0.058390114
498,14/3/2003,0.051461775
499,21/3/2003,0.040927581
500,28/3/2003,0.006407229
501,4/4/2003,0.011443772
502,11/4/2003,0.016409127
503,18/4/2003,0.027970081
504,25/4/2003,0.015417819
505,2/5/2003,0.017116809
506,9/5/2003,0.00909532
507,16/5/2003,0.015385294
508,23/5/2003,0.008044671
509,30/5/2003,0.014751466
510,6/6/2003,0.009931438
511,13/6/2003,0.018360071
512,20/6/2003,0.004898344
513,27/6/2003,0.006957724
514,4/7/2003,0.008310998
515,11/7/2003,0.010057514
516,18/7/2003,0.010347202
517,25/7/2003,0.034075823
518,1/8/2003,0.025607357
519,8/8/2003,0.006647143
520,15/8/2003,0.015303459
521,22/8/2003,0.011020974
522,29/8/2003,0.008233329
523,5/9/2003,0.011114102
524,12/9/2003,0.00936089
525,19/9/2003,0.007578249
526,26/9/2003,0.011447506
527,3/10/2003,0.005764631
528,10/10/2003,0.011679979
529,17/10/2003,0.009900481
530,24/10/2003,0.020607024
531,31/10/2003,0.027397681
532,7/11/2003,0.030705813
533,14/11/2003,0.024603635
534,21/11/2003,0.01465811
535,28/11/2003,0.025906775
536,5/12/2003,0.008859066
537,12/12/2003,0.013803982
538,19/12/2003,0.022387609
539,26/12/2003,0.014804181
540,2/1/2004,0.019058572
541,9/1/2004,0.019753229
542,16/1/2004,0.018043583
543,23/1/2004,0.017217675
544,30/1/2004,0.520931304
545,6/2/2004,0.097918138
546,13/2/2004,0.102297373
547,20/2/2004,0.060551018
548,27/2/2004,0.049723566
549,5/3/2004,0.034004647
550,12/3/2004,0.032494377
551,19/3/2004,0.029984197
552,26/3/2004,0.029485153
553,2/4/2004,0.286000818
554,9/4/2004,0.035419974
555,16/4/2004,0.123087876
556,23/4/2004,0.069441304
557,30/4/2004,0.038013499
558,7/5/2004,0.05625844
559,14/5/2004,0.036438107
560,21/5/2004,0.155435234
561,28/5/2004,0.090181977
562,4/6/2004,0.057883177
563,11/6/2004,0.20703873
564,18/6/2004,0.036307011
565,25/6/2004,0.023649327
566,2/7/2004,0.064236797
567,9/7/2004,0.035744634
568,16/7/2004,0.063798293
569,23/7/2004,0.05074079
570,30/7/2004,0.02925445
571,6/8/2004,0.02239917
572,13/8/2004,0.020319553
573,20/8/2004,0.028081972
574,27/8/2004,0.047166891
575,3/9/2004,0.042734347
576,10/9/2004,0.022219336
577,17/9/2004,0.034640159
578,24/9/2004,0.172853082
579,1/10/2004,0.031121235
580,8/10/2004,0.027100276
581,15/10/2004,0.035183594
582,22/10/2004,0.028326495
583,29/10/2004,0.016159102
584,5/11/2004,0.036985781
585,12/11/2004,0.0367347
586,19/11/2004,0.071393475
587,26/11/2004,0.012223876
588,3/12/2004,0.570610583
589,10/12/2004,0.0395937
590,17/12/2004,0.032539714
591,24/12/2004,0.031014297
592,31/12/2004,0.011040498
593,7/1/2005,0.025090376
594,14/1/2005,0.072415099
595,21/1/2005,0.015990973
596,28/1/2005,0.012009569
597,4/2/2005,0.013230216
598,11/2/2005,0.012249287
599,18/2/2005,0.011659328
600,25/2/2005,0.008690434
601,4/3/2005,0.010023299
602,11/3/2005,0.007583537
603,18/3/2005,0.00869273
604,25/3/2005,0.03014081
605,1/4/2005,0.008093232
606,8/4/2005,0.014411328
607,15/4/2005,0.021931518
608,22/4/2005,0.028349984
609,29/4/2005,0.036260627
610,6/5/2005,0.019392589
611,13/5/2005,0.013574613
612,20/5/2005,0.024167944
613,27/5/2005,0.015119206
614,3/6/2005,0.021567203
615,10/6/2005,0.015592596
616,17/6/2005,0.014724933
617,24/6/2005,0.012397702
618,1/7/2005,0.01312573
619,8/7/2005,0.013044416
620,15/7/2005,0.014974632
621,22/7/2005,0.017020792
622,29/7/2005,0.013647422
623,5/8/2005,0.013257072
624,12/8/2005,0.015925542
625,19/8/2005,0.022335425
626,26/8/2005,0.017477831
627,2/9/2005,0.442505926
628,9/9/2005,0.020377424
629,16/9/2005,0.059135284
630,23/9/2005,0.022633286
631,30/9/2005,0.098973013
632,7/10/2005,0.015274749
633,14/10/2005,0.009985154
634,21/10/2005,0.022289215
635,28/10/2005,0.02083547
636,4/11/2005,0.016722783
637,11/11/2005,0.015381236
638,18/11/2005,0.021791797
639,25/11/2005,0.018928181
640,2/12/2005,0.024436528
641,9/12/2005,0.004477559
642,16/12/2005,0.010279671
643,23/12/2005,0.027179834
644,30/12/2005,0.019500954
645,6/1/2006,0.024394736
646,13/1/2006,0.011873429
647,20/1/2006,0.01829771
648,27/1/2006,0.014207264
649,3/2/2006,0.024461443
650,10/2/2006,0.010882333
651,17/2/2006,0.007937637
652,24/2/2006,0.024182033
653,3/3/2006,0.008572523
654,10/3/2006,0.01316908
655,17/3/2006,0.009544738
656,24/3/2006,0.068695068
657,31/3/2006,0.033300672
658,7/4/2006,0.006304108
659,14/4/2006,0.818260729
660,21/4/2006,0.022118464
661,28/4/2006,0.011290533
662,5/5/2006,0.017749611
663,12/5/2006,0.034987744
664,19/5/2006,0.021676295
665,26/5/2006,0.023695426
666,2/6/2006,0.007739258
667,9/6/2006,0.01020415
668,16/6/2006,0.010295724
669,23/6/2006,0.008180041
670,30/6/2006,0.085607029
671,7/7/2006,0.021698197
672,14/7/2006,0.024881519
673,21/7/2006,0.01873572
674,28/7/2006,0.02760208
675,4/8/2006,0.021875266
676,11/8/2006,0.020500889
677,18/8/2006,0.008899116
678,25/8/2006,0.020088883
679,1/9/2006,0.014090582
680,8/9/2006,0.005121918
681,15/9/2006,0.012116162
682,22/9/2006,0.011270946
683,29/9/2006,0.022339053
684,6/10/2006,0.009519752
685,13/10/2006,0.021177312
686,20/10/2006,0.015076891
687,27/10/2006,0.021565156
688,3/11/2006,0.043316558
689,10/11/2006,0.037218954
690,17/11/2006,0.022526335
691,24/11/2006,0.024258489
692,1/12/2006,0.025455369
693,8/12/2006,0.012699549
694,15/12/2006,0.026021428
695,22/12/2006,0.031737331
696,29/12/2006,0.033098727
697,5/1/2007,0.039151423
698,12/1/2007,0.04348724
699,19/1/2007,0.67501533
700,26/1/2007,0.80083245
701,2/2/2007,0.022273943
702,9/2/2007,0.004866794
703,16/2/2007,0.016296607
704,23/2/2007,0.016265515
705,2/3/2007,0.018013818
706,9/3/2007,0.018612489
707,16/3/2007,0.020520786
708,23/3/2007,0.028011922
709,30/3/2007,0.017163021
710,6/4/2007,0.025578003
711,13/4/2007,0.024245681
712,20/4/2007,0.014523413
713,27/4/2007,0.018850034
714,4/5/2007,0.011529056
715,11/5/2007,0.018837329
716,18/5/2007,0.015459648
717,25/5/2007,0.022282612
718,1/6/2007,0.033000588
719,8/6/2007,0.024024332
720,15/6/2007,0.018520895
721,22/6/2007,0.035783704
722,29/6/2007,0.043403927
723,6/7/2007,0.340271741
724,13/7/2007,0.021928206
725,20/7/2007,0.13384068
726,27/7/2007,0.045473922
727,3/8/2007,0.055383064
728,10/8/2007,0.033605095
729,17/8/2007,0.055365853
730,24/8/2007,0.044790752
731,31/8/2007,0.055261154
732,7/9/2007,0.085521214
733,14/9/2007,0.074193634
734,21/9/2007,0.154181987
735,28/9/2007,0.779243946
736,5/10/2007,0.720050395
737,12/10/2007,0.848861575
738,19/10/2007,0.154196501
739,26/10/2007,0.169995159
740,2/11/2007,0.033875786
741,9/11/2007,0.085474871
742,16/11/2007,0.04570581
743,23/11/2007,0.085146986
744,30/11/2007,0.100116104
745,7/12/2007,0.347803175
746,14/12/2007,0.561563611
747,21/12/2007,0.300265431
748,28/12/2007,0.524653316
749,4/1/2008,0.226184309
750,11/1/2008,0.080344699
751,18/1/2008,0.092894718
752,25/1/2008,0.082571402
753,1/2/2008,0.543617904
754,8/2/2008,0.638633907
755,15/2/2008,0.207120314
756,22/2/2008,0.02728967
757,29/2/2008,0.11579787
758,7/3/2008,0.050008066
759,14/3/2008,0.181459129
760,21/3/2008,0.095147654
761,28/3/2008,0.083698466
762,4/4/2008,0.074488543
763,11/4/2008,0.078171939
764,18/4/2008,0.073628396
765,25/4/2008,0.181100845
766,2/5/2008,0.325793117
767,9/5/2008,0.610870004
768,16/5/2008,0.105269246
769,23/5/2008,0.650025606
770,30/5/2008,0.089843996
771,6/6/2008,0.128111422
772,13/6/2008,0.174058318
773,20/6/2008,0.095620535
774,27/6/2008,0.20846197
775,4/7/2008,0.19296883
776,11/7/2008,0.792978406
777,18/7/2008,0.073111936
778,25/7/2008,0.064040102
779,1/8/2008,0.383910388
780,8/8/2008,0.090949602
781,15/8/2008,0.17011793
782,22/8/2008,0.653559029
783,29/8/2008,0.712441444
784,5/9/2008,0.878732979
785,12/9/2008,0.847327828
786,19/9/2008,0.088273861
787,26/9/2008,0.033119876
788,3/10/2008,0.042438675
789,10/10/2008,0.712060869
790,17/10/2008,0.162929013
791,24/10/2008,0.217132643
792,31/10/2008,0.017394163
793,7/11/2008,0.093534015
794,14/11/2008,0.046978548
795,21/11/2008,0.06225514
796,28/11/2008,0.089847542
797,5/12/2008,0.694623291
798,12/12/2008,0.809975326
799,19/12/2008,0.080162607
800,26/12/2008,0.05124262
801,2/1/2009,0.069504477
802,9/1/2009,0.753563583
803,16/1/2009,0.802489042
804,23/1/2009,0.83256191
805,30/1/2009,0.046224006
806,6/2/2009,0.059733067
807,13/2/2009,0.036893416
808,20/2/2009,0.019046992
809,27/2/2009,0.016956059
810,6/3/2009,0.012794831
811,13/3/2009,0.011306075
812,20/3/2009,0.027675234
813,27/3/2009,0.023920624
814,3/4/2009,0.068427607
815,10/4/2009,0.027732939
816,17/4/2009,0.027927635
817,24/4/2009,0.027629279
818,1/5/2009,0.023414459
819,8/5/2009,0.016397864
820,15/5/2009,0.018903177
821,22/5/2009,0.015492166
822,29/5/2009,0.020610163
823,5/6/2009,0.010716953
824,12/6/2009,0.02143603
825,19/6/2009,0.048111804
826,26/6/2009,0.04855394
827,3/7/2009,0.033519242
828,10/7/2009,0.033308931
829,17/7/2009,0.048963331
830,24/7/2009,0.040919207
831,31/7/2009,0.144216016
832,7/8/2009,0.125623792
833,14/8/2009,0.071195222
834,21/8/2009,0.297505617
835,28/8/2009,0.049770948
836,4/9/2009,0.080459364
837,11/9/2009,0.106391028
838,18/9/2009,0.038071457
839,25/9/2009,0.134466499
840,2/10/2009,0.0691185
841,9/10/2009,0.247995839
842,16/10/2009,0.500221431
843,23/10/2009,0.173199356
844,30/10/2009,0.11861863
845,6/11/2009,0.206403777
846,13/11/2009,0.078403197
847,20/11/2009,0.037619423
848,27/11/2009,0.102063179
849,4/12/2009,0.092610613
850,11/12/2009,0.804897964
851,18/12/2009,0.479085177
852,25/12/2009,0.579676449
853,1/1/2010,0.117689379
854,8/1/2010,0.162739575
855,15/1/2010,0.081275307
856,22/1/2010,0.158882707
857,29/1/2010,0.068175338
858,5/2/2010,0.066994488
859,12/2/2010,0.077030525
860,19/2/2010,0.045562495
861,26/2/2010,0.073793426
862,5/3/2010,0.05531694
863,12/3/2010,0.064654209
864,19/3/2010,0.13630189
865,26/3/2010,0.355359465
866,2/4/2010,0.067115076
867,9/4/2010,0.023850039
868,16/4/2010,0.033537142
869,23/4/2010,0.039469998
870,30/4/2010,0.01515665
871,7/5/2010,0.01335256
872,14/5/2010,0.017740469
873,21/5/2010,0.013137916
874,28/5/2010,0.049106069
875,4/6/2010,0.01668012
876,11/6/2010,0.011680176
877,18/6/2010,0.100630186
878,25/6/2010,0.03516876
879,2/7/2010,0.027442088
880,9/7/2010,0.01388109
881,16/7/2010,0.046375252
882,23/7/2010,0.021263789
883,30/7/2010,0.114782423
884,6/8/2010,0.023507027
885,13/8/2010,0.035389178
886,20/8/2010,0.013924282
887,27/8/2010,0.02526211
888,3/9/2010,0.012729658
889,10/9/2010,0.009450777
890,17/9/2010,0.008687004
891,24/9/2010,0.018089898
892,1/10/2010,0.030412301
893,8/10/2010,0.559616625
894,15/10/2010,0.287116766
895,22/10/2010,0.095851332
896,29/10/2010,0.026834436
897,5/11/2010,0.027336452
898,12/11/2010,0.027415875
899,19/11/2010,0.027394574
900,26/11/2010,0.035145823
901,3/12/2010,0.013002151
902,10/12/2010,0.011838826
903,17/12/2010,0.014213905
904,24/12/2010,0.036653407
905,31/12/2010,0.021072671
906,7/1/2011,0.010925656
907,14/1/2011,0.009396251
908,21/1/2011,0.016212156
909,28/1/2011,0.029171864
910,4/2/2011,0.129124403
911,11/2/2011,0.017431865
912,18/2/2011,0.077525653
913,25/2/2011,0.025839834
914,4/3/2011,0.078958184
915,11/3/2011,0.039228063
916,18/3/2011,0.019978862
917,25/3/2011,0.044540156
918,1/4/2011,0.028530018
919,8/4/2011,0.068718538
920,15/4/2011,0.033069529
921,22/4/2011,0.039946463
922,29/4/2011,0.056211423
923,6/5/2011,0.46556583
924,13/5/2011,0.180832446
925,20/5/2011,0.054278497
926,27/5/2011,0.032694969
927,3/6/2011,0.07520885
928,10/6/2011,0.038716055
929,17/6/2011,0.062585451
930,24/6/2011,0.418363482
931,1/7/2011,0.362683505
932,8/7/2011,0.765883446
933,15/7/2011,0.090421192
934,22/7/2011,0.148591667
935,29/7/2011,0.056169901
936,5/8/2011,0.062468588
937,12/8/2011,0.557796657
938,19/8/2011,0.318916053
939,26/8/2011,0.024098817
940,2/9/2011,0.052492898
941,9/9/2011,0.044128086
942,16/9/2011,0.046543233
943,23/9/2011,0.079507478
944,30/9/2011,0.029650398
945,7/10/2011,0.770960867
946,14/10/2011,0.522541344
947,21/10/2011,0.056072187
948,28/10/2011,0.030086344
949,4/11/2011,0.034297794
950,11/11/2011,0.038143814
951,18/11/2011,0.03561198
952,25/11/2011,0.043539725
953,2/12/2011,0.043026559
954,9/12/2011,0.03750968
955,16/12/2011,0.064153753
956,23/12/2011,0.093809597
957,30/12/2011,0.02973973
958,6/1/2012,0.036487453
959,13/1/2012,0.047932226
960,20/1/2012,0.045483857
961,27/1/2012,0.0548601
962,3/2/2012,0.08674138
963,10/2/2012,0.04835169
964,17/2/2012,0.052792009
965,24/2/2012,0.056363501
966,2/3/2012,0.050614756
967,9/3/2012,0.08720921
968,16/3/2012,0.058640625
969,23/3/2012,0.021538213
970,30/3/2012,0.098608166
971,6/4/2012,0.252771825
972,13/4/2012,0.49755469
973,20/4/2012,0.18347165
974,27/4/2012,0.059826802
975,4/5/2012,0.014764785
976,11/5/2012,0.014028694
977,18/5/2012,0.01022726
978,25/5/2012,0.045961987
979,1/6/2012,0.056432433
980,8/6/2012,0.037509948
981,15/6/2012,0.04295595
982,22/6/2012,0.016945174
983,29/6/2012,0.066175051
984,6/7/2012,0.029081844
985,13/7/2012,0.027539074
986,20/7/2012,0.079160795
987,27/7/2012,0.038119737
988,3/8/2012,0.034173138
989,10/8/2012,0.015911184
990,17/8/2012,0.014256013
991,24/8/2012,0.018375549
992,31/8/2012,0.030262081
993,7/9/2012,0.034218591
994,14/9/2012,0.018369501
995,21/9/2012,0.013862403
996,28/9/2012,0.016492715
997,5/10/2012,0.020010833
998,12/10/2012,0.076978438
999,19/10/2012,0.040507901
1000,26/10/2012,0.015863322
1001,2/11/2012,0.017291108
1002,9/11/2012,0.017287964
1003,16/11/2012,0.016670862
1004,23/11/2012,0.041757803
1005,30/11/2012,0.021332994
1006,7/12/2012,0.017593779
1007,14/12/2012,0.093556754
1008,21/12/2012,0.011114154
1009,28/12/2012,0.012304738
1010,4/1/2013,0.011114405
1011,11/1/2013,0.025294758
1012,18/1/2013,0.015523428
1013,25/1/2013,0.025133109
1014,1/2/2013,0.012190267
1015,8/2/2013,0.0249139
1016,15/2/2013,0.040775374
1017,22/2/2013,0.033742826
1018,1/3/2013,0.040288806
1019,8/3/2013,0.022612162
1020,15/3/2013,0.029999387
1021,22/3/2013,0.01995906
1022,29/3/2013,0.013831026
1023,5/4/2013,0.079798363
1024,12/4/2013,0.04322248
1025,19/4/2013,0.113804601
1026,26/4/2013,0.133320794
1027,3/5/2013,0.518913627
1028,10/5/2013,0.532163382
1029,17/5/2013,0.055264067
1030,24/5/2013,0.016156094
1031,31/5/2013,0.020845221
1032,7/6/2013,0.024890456
1033,14/6/2013,0.011091395
1034,21/6/2013,0.018137058
1035,28/6/2013,0.014330712
1036,5/7/2013,0.018122604
1037,12/7/2013,0.045486063
1038,19/7/2013,0.013534333
1039,26/7/2013,0.029393669
1040,2/8/2013,0.042384539
1041,9/8/2013,0.015101785
1042,16/8/2013,0.021461347
1043,23/8/2013,0.016533447
1044,30/8/2013,0.022596315
1045,6/9/2013,0.021057861
1046,13/9/2013,0.015986808
1047,20/9/2013,0.015071814
1048,27/9/2013,0.035384744
1049,4/10/2013,0.020866342
1050,11/10/2013,0.043695163
1051,18/10/2013,0.018891443
1052,25/10/2013,0.01562418
1053,1/11/2013,0.021042831
1054,8/11/2013,0.059961155
1055,15/11/2013,0.029559711
1056,22/11/2013,0.030177962
1057,29/11/2013,0.062216561
1058,6/12/2013,0.038783748
1059,13/12/2013,0.03741036
1060,20/12/2013,0.021340866
1061,27/12/2013,0.029023567
1062,3/1/2014,0.031979252
1063,10/1/2014,0.041925274
1064,17/1/2014,0.024220943
1065,24/1/2014,0.022799762
1066,31/1/2014,0.59513545
1067,7/2/2014,0.213400304
1068,14/2/2014,0.029971819
1069,21/2/2014,0.082002148
1070,28/2/2014,0.012627862
1071,7/3/2014,0.020326717
1072,14/3/2014,0.016383657
1073,21/3/2014,0.064786956
1074,28/3/2014,0.021775862
1075,4/4/2014,0.04410097
1076,11/4/2014,0.028730128
1077,18/4/2014,0.01121673
1078,25/4/2014,0.022929404
1079,2/5/2014,0.031479407
1080,9/5/2014,0.069277823
1081,16/5/2014,0.012808389
1082,23/5/2014,0.038259968
1083,30/5/2014,0.027777839
1084,6/6/2014,0.01644088
1085,13/6/2014,0.03190672
1086,20/6/2014,0.018000407
1087,27/6/2014,0.013700601
1088,4/7/2014,0.017266963
1089,11/7/2014,0.037262462
1090,18/7/2014,0.022367759
1091,25/7/2014,0.013332698
1092,1/8/2014,0.041147299
1093,8/8/2014,0.025353584
1094,15/8/2014,0.167894408
1095,22/8/2014,0.343503952
1096,29/8/2014,0.060425889
1097,5/9/2014,0.140346512
1098,12/9/2014,0.02900216
1099,19/9/2014,0.023642568
1100,26/9/2014,0.013789112
1101,3/10/2014,0.007890667
1102,10/10/2014,0.015329227
1103,17/10/2014,0.005561625
1104,24/10/2014,0.009938586
1105,31/10/2014,0.004698912
1106,7/11/2014,0.011756483
1107,14/11/2014,0.017192107
1108,21/11/2014,0.032695256
1109,28/11/2014,0.005186575
1110,5/12/2014,0.005553484
1111,12/12/2014,0.012793145
1112,19/12/2014,0.007936027
1113,26/12/2014,0.004738512
1114,2/1/2015,0.017523
1115,9/1/2015,0.012960544
1116,16/1/2015,0.035198875
1117,23/1/2015,0.007857127
1118,30/1/2015,0.039919503
1119,6/2/2015,0.027932361
1120,13/2/2015,0.014026978
1121,20/2/2015,0.011869698
1122,27/2/2015,0.016482314
1123,6/3/2015,0.013830856
1124,13/3/2015,0.036879923
1125,20/3/2015,0.033395436
1126,27/3/2015,0.030619349
1127,3/4/2015,0.035695869
1128,10/4/2015,0.064248294
1129,17/4/2015,0.01528694
1130,24/4/2015,0.016787205
1131,1/5/2015,0.023100495
1132,8/5/2015,0.019451842
1133,15/5/2015,0.017842362
1134,22/5/2015,0.014646021
1135,29/5/2015,0.709582806
1136,5/6/2015,0.045886435
1137,12/6/2015,0.054054856
1138,19/6/2015,0.01429284
1139,26/6/2015,0.075925753
1140,3/7/2015,0.067423239
1141,10/7/2015,0.616817355
1142,17/7/2015,0.50575459
1143,24/7/2015,0.916104913
1144,31/7/2015,0.056305513
1145,7/8/2015,0.070703298
1146,14/8/2015,0.022509709
1147,21/8/2015,0.017658031
1148,28/8/2015,0.046305049
1149,4/9/2015,0.021180594
1150,11/9/2015,0.038015164
1151,18/9/2015,0.025053535
1152,25/9/2015,0.022929782
1153,2/10/2015,0.05697586
1154,9/10/2015,0.011874469
1155,16/10/2015,0.042163242
1156,23/10/2015,0.033970073
1157,30/10/2015,0.065812737
1158,6/11/2015,0.04556657
1159,13/11/2015,0.090013459
1160,20/11/2015,0.079223841
1161,27/11/2015,0.578788161
1162,4/12/2015,0.412338018
1163,11/12/2015,0.839014232
1164,18/12/2015,0.11137528
1165,25/12/2015,0.180408493
1166,1/1/2016,0.378721952
1167,8/1/2016,0.124273285
1168,15/1/2016,0.080538958
1169,22/1/2016,0.125202626
1170,29/1/2016,0.052575946
1171,5/2/2016,0.030246571
1172,12/2/2016,0.055641707
1173,19/2/2016,0.031522378
1174,26/2/2016,0.064492583
1175,4/3/2016,0.069529541
1176,11/3/2016,0.129632503
1177,18/3/2016,0.046716347
1178,25/3/2016,0.858091772
1179,1/4/2016,0.764032245
1180,8/4/2016,0.032056883
1181,15/4/2016,0.021903409
1182,22/4/2016,0.018627126
1183,29/4/2016,0.054264925
1184,6/5/2016,0.103241913
1185,13/5/2016,0.168836638
1186,20/5/2016,0.111340344
1187,27/5/2016,0.144423306
1188,3/6/2016,0.081061862
1189,10/6/2016,0.056348588
1190,17/6/2016,0.069069944
1191,24/6/2016,0.090616986
1192,1/7/2016,0.138846517
1193,8/7/2016,0.068096407
1194,15/7/2016,0.026566206
1195,22/7/2016,0.012212434
1196,29/7/2016,0.01022656
1197,5/8/2016,0.009354039
1198,12/8/2016,0.017501898
1199,19/8/2016,0.024528233
1200,26/8/2016,0.031268623
1201,2/9/2016,0.032408971
1202,9/9/2016,0.014417047
1203,16/9/2016,0.037454654
1204,23/9/2016,0.022641554
1205,30/9/2016,0.026194688
1206,7/10/2016,0.030746391
1207,14/10/2016,0.02498691
1208,21/10/2016,0.031512577
1209,28/10/2016,0.032432292
1210,4/11/2016,0.056176092
1211,11/11/2016,0.771683276
1212,18/11/2016,0.010355853
1213,25/11/2016,0.004947328
1214,2/12/2016,0.012163047
1215,9/12/2016,0.012803025
1216,16/12/2016,0.014958252
1217,23/12/2016,0.017599195
1218,30/12/2016,0.010591895
1219,6/1/2017,0.019530116
1220,13/1/2017,0.017785164
1221,20/1/2017,0.016103569
1222,27/1/2017,0.014081874
1223,3/2/2017,0.032530382
1224,10/2/2017,0.012877155
1225,17/2/2017,0.012995145
1226,24/2/2017,0.026682831
1227,3/3/2017,0.028063199
1228,10/3/2017,0.031074604
1229,17/3/2017,0.032507237
1230,24/3/2017,0.025057549
1231,31/3/2017,0.020256309
1232,7/4/2017,0.040219534
1233,14/4/2017,0.029828295
1234,21/4/2017,0.01560834
1235,28/4/2017,0.016122423
1236,5/5/2017,0.017858915
1237,12/5/2017,0.035851751
1238,19/5/2017,0.060761683
1239,26/5/2017,0.046715096
1240,2/6/2017,0.0512015
1241,9/6/2017,0.067285389
1242,16/6/2017,0.013016582
1243,23/6/2017,0.020391924
1244,30/6/2017,0.01521522
1245,7/7/2017,0.012570014
1246,14/7/2017,0.018427884
1247,21/7/2017,0.016674684
1248,28/7/2017,0.010173907
1249,4/8/2017,0.016896037
1250,11/8/2017,0.050044265
1251,18/8/2017,0.01264277
1252,25/8/2017,0.012641556
1253,1/9/2017,0.022539699
1254,8/9/2017,0.016390035
1255,15/9/2017,0.026259666
1256,22/9/2017,0.011526477
1257,29/9/2017,0.00636109
1258,6/10/2017,0.007809852
1259,13/10/2017,0.021510139
1260,20/10/2017,0.030379236
1261,27/10/2017,0.012548252
1262,3/11/2017,0.022282882
1263,10/11/2017,0.019455619
1264,17/11/2017,0.024100678
1265,24/11/2017,0.014296932
1266,1/12/2017,0.030507529
1267,8/12/2017,0.011586806
1268,15/12/2017,0.015389391
1269,22/12/2017,0.016549505
1270,29/12/2017,0.649133563
1271,5/1/2018,0.037553687
1272,12/1/2018,0.037693009
1273,19/1/2018,0.039396189
1274,26/1/2018,0.039114431
1275,2/2/2018,0.053430814
1276,9/2/2018,0.047098309
1277,16/2/2018,0.050821789
1278,23/2/2018,0.07323207
1279,2/3/2018,0.041209139
1280,9/3/2018,0.035335351
1281,16/3/2018,0.033148792
1282,23/3/2018,0.047708709
1283,30/3/2018,0.043115146
1284,6/4/2018,0.054227471
1285,13/4/2018,0.087015688
1286,20/4/2018,0.07647296
1287,27/4/2018,0.107187994
1288,4/5/2018,0.048862543
1289,11/5/2018,0.85578233
1290,18/5/2018,0.082530074
1291,25/5/2018,0.101557598
1292,1/6/2018,0.076614782
1293,8/6/2018,0.123532034
1294,15/6/2018,0.081948034
1295,22/6/2018,0.071648113
1296,29/6/2018,0.024660772
1297,6/7/2018,0.067912161
1298,13/7/2018,0.015402184
1299,20/7/2018,0.042841695
1300,27/7/2018,0.06300848
1301,3/8/2018,0.028987017
1302,10/8/2018,0.051585443
1303,17/8/2018,0.016192833
1304,24/8/2018,0.013010842
1305,31/8/2018,0.375624001
1306,7/9/2018,0.047520231
1307,14/9/2018,0.027789852
1308,21/9/2018,0.031736542
1309,28/9/2018,0.013214835
1310,5/10/2018,0.017970359
1311,12/10/2018,0.03876153
1312,19/10/2018,0.026628334
1313,26/10/2018,0.027931429
1314,2/11/2018,0.026979787
