,dim0_KK1,dim0_KK2,dim0_KK3,dim0_KK4,dim0_KK5,,,
AADR,0.01496994,0.005513369,0.005278884,0.005237527,0.002956925,0.0000179,0,0
AAXJ,0.01496994,0.001036676,0.000850098,0.000846972,0.000819683,0.0000037,0,0
ACWI,0.01496994,0.000354456,0.00017906,0.000178572,0.000139245,0.00000427,0,0
ACWX,0.01496994,0.0005522,0.000323509,0.0003192,0.000294163,0.00000301,0,0
ADRA,0.01496994,0.004280529,0.00358348,0.003343879,0.00322554,0.000015,0,0
ADRD,0.01496994,0.001336181,0.000743789,0.000713752,0.00055457,0.00000182,0,0
ADRE,0.01496994,0.002004711,0.000676714,0.000644333,0.000615607,0.00000901,0.00000063,0.000000233
ADRU,0.01496994,0.00242084,0.001905436,0.00178677,0.001634332,0.00000567,0,0
AFK,0.01496994,0.006424021,0.006343632,0.003538351,0.003348842,0.0000161,0.000000267,0
AGG,0.01496994,0.000255519,0.000144668,0.000127534,0.000104484,0.00000237,0.000000149,0
AGQ,0.01496994,0.01496994,0.01496994,0.007790533,0.004016324,0.0000533,0,0
AGZ,0.01496994,0.000151958,0.00011509,0.0000826,0.0000673,0.000000259,0,0
AIA,0.01496994,0.002236606,0.001881874,0.001847106,0.001696562,0.0000701,0.00000176,0
AMJ,0.01496994,0.011185592,0.008606902,0.005590208,0.005066476,0.00000516,0,0
AOA,0.01496994,0.000393945,0.000277574,0.000261064,0.000103195,0.00000118,0,0
AOK,0.01496994,0.00017957,0.000103062,0.0000818,0.0000765,0.000000705,0,0
AOM,0.01496994,0.000525841,0.000211065,0.000184231,0.000181049,0.00000535,5.55E-08,0
AOR,0.01496994,0.000404748,0.000148219,0.000140712,0.000123734,0.00000148,0,0
AUSE,0.01496994,0.009460206,0.006927585,0.006006119,0.005211277,0.000114541,0.000018,0
AXJL,0.01496994,0.001909642,0.000984285,0.000983419,0.000898092,0.0000042,0,0
BAB,0.01496994,0.003908499,0.00217952,0.001631713,0.001108596,0.0000016,0,0
BAL,0.01496994,0.01496994,0.01496994,0.01496994,0.01496994,0,0,0
BDD,0.01496994,0.010975106,0.009154625,0.007081261,0.006887867,0.0000754,0,0
BIB,0.01496994,0.013271603,0.011389659,0.006530285,0.005480304,0.00012936,0.00000167,0
BICK,0.01496994,0.001080383,0.001028748,0.000957676,0.000890848,0.00000989,0.00000139,0.00000033
BIS,0.01496994,0.011786969,0.011708152,0.009106558,0.006717195,0.0000213,0.00000117,0
BIV,0.01496994,0.000480369,0.000430397,0.000332687,0.000300986,0.00000393,2.46E-08,0
BJK,0.01496994,0.00687517,0.004423687,0.003377461,0.003026558,0.0000923,0.000000164,0
BKF,0.01496994,0.001767708,0.000815949,0.00074115,0.000715688,0.00000134,0,0
BLV,0.01496994,0.000757724,0.000510813,0.000326059,0.000262765,0.0000002,0,0
BND,0.01496994,0.000160161,0.000101496,0.000100836,0.0000995,0.000000913,0,0
BNO,0.01496994,0.006958758,0.006509499,0.005612419,0.005518535,0.00019828,0.0000899,0.00000176
BRAQ,0.01496994,0.01269962,0.005407647,0.005377249,0.004076365,0.00000435,0,0
BRAZ,0.01496994,0.007656251,0.00553752,0.004094727,0.003742841,0.000129095,0.00000319,0
BRF,0.01496994,0.01496994,0.011120896,0.005533999,0.005343621,0.0000205,0.00000168,0
BWX,0.01496994,0.001315395,0.001142165,0.000827393,0.000712823,0.0000382,0,0
BWZ,0.01496994,0.002368925,0.001201574,0.001055079,0.001032246,0,0,0
BZF,0.01496994,0.01496994,0.01496994,0.008851668,0.008636847,0.0000185,0,0
BZQ,0.01496994,0.008749124,0.005879607,0.005365631,0.003738709,0.00000031,0,0
CEW,0.01496994,0.005990774,0.001648468,0.000976864,0.00086707,0.0000515,0,0
CGW,0.01496994,0.001559448,0.001401577,0.001183992,0.001132305,0.00000158,0.000000107,0
CHII,0.01496994,0.01496994,0.01496994,0.01496994,0.012125475,0.0000345,0,0
CHIM,0.01496994,0.01496994,0.01496994,0.012496784,0.012205545,0.000152168,0.0000176,0
CHIQ,0.01496994,0.01496994,0.011492204,0.009913558,0.006939125,0.00000897,0,0
CHIX,0.01496994,0.01496994,0.004230012,0.004036288,0.00349366,0.0000945,0.00000393,0
CIU,0.01496994,0.00076783,0.000272287,0.000228559,0.000218042,0.0000079,0,0
CLY,0.01496994,0.002446333,0.001181161,0.00108971,0.001002989,0.00000196,3.59E-08,0
CMD,0.01496994,0.01496994,0.01496994,0.01496994,0.01496994,0.00000395,0,0
CMF,0.01496994,0.001972223,0.001950543,0.001056665,0.000916923,0.000004,0,0
CNDA,0.01496994,0.0065335,0.005409613,0.002546145,0.00197097,0.0000317,0,0
CNY,0.01496994,0.000261098,0.000217168,0.000217031,0.00021414,0.00000105,6.26E-09,0
COPX,0.01496994,0.007961497,0.007392757,0.006383531,0.005912929,0.000000341,0,0
CORN,0.01496994,0.011863102,0.006697329,0.005006363,0.004633376,0.000261349,0.0000187,0
COW,0.01496994,0.009289141,0.009241656,0.004852467,0.004797485,0.0000472,0,0
CPI,0.01496994,0.000327874,0.000164461,0.000148501,0.0000916,5.69E-09,0,0
CQQQ,0.01496994,0.010451822,0.006297255,0.00625903,0.005402144,0.00000548,0,0
CSD,0.01496994,0.003506519,0.002042684,0.001755158,0.001752564,0.000075,0,0
CSM,0.01496994,0.001252393,0.001083908,0.000746031,0.000652377,0.00000109,0,0
CUT,0.01496994,0.004118132,0.003660356,0.002978611,0.002386123,0.0000357,0,0
CVY,0.01496994,0.001400674,0.001134794,0.000857694,0.000563844,0.000044,0.000000109,0
CWB,0.01496994,0.00212941,0.001587656,0.00158323,0.001170655,0.00000013,0,0
CWI,0.01496994,0.000660617,0.0004881,0.000299075,0.000297786,0.000000421,0,0
CZA,0.01496994,0.000740462,0.00056773,0.000497697,0.000470966,0.0000304,0.0000075,0
DAG,0.01496994,0.009441981,0.008440698,0.005823497,0.003935777,0.000201071,0.000000568,0
DBA,0.01496994,0.002077826,0.002072189,0.001046019,0.000899829,0.00000637,0.00000109,0
DBB,0.01496994,0.003129179,0.002545188,0.002461673,0.002003324,0.0000208,0,0
DBC,0.01496994,0.001247537,0.0007767,0.00071694,0.000703578,0.0000201,0.000000933,0
DBE,0.01496994,0.002660162,0.002590891,0.001923887,0.001649166,0.0000351,0.00000178,0
DBO,0.01496994,0.002137111,0.001842669,0.001152977,0.000943244,0.00000578,0,0
DBP,0.01496994,0.000673478,0.000648388,0.000631586,0.000593898,0.0000184,0.00000328,0
DBS,0.01496994,0.003254978,0.002186759,0.000574397,0.000517457,0.000000327,0,0
DBV,0.01496994,0.003383419,0.002148991,0.001811866,0.001721015,0.0000416,0,0
DDG,0.01496994,0.002620311,0.002394857,0.002119213,0.002081601,0.0000225,0,0
DDM,0.01496994,0.002385701,0.001583829,0.001323845,0.001193969,0.000000269,0,0
DEF,0.01496994,0.001934638,0.000922144,0.000751246,0.000745484,0.0000534,0,0
DEM,0.01496994,0.002997613,0.002306865,0.001832841,0.001416587,0.00000344,0.000000859,0
DES,0.01496994,0.001285156,0.000594242,0.000587645,0.000566483,0.00000499,0,0
DEW,0.01496994,0.002387899,0.00195769,0.001156765,0.000866498,0.0000193,0,0
DFE,0.01496994,0.010882948,0.004567347,0.002670672,0.001482688,0.00000963,0,0
DFJ,0.01496994,0.009376325,0.007311962,0.007173745,0.005720085,0.0000133,0,0
DGL,0.01496994,0.002700269,0.001620686,0.001617826,0.001093452,0.0000215,0.00000203,0
DGP,0.01496994,0.011541152,0.005161288,0.004888091,0.004771731,0.000077,0.00000313,0
DGS,0.01496994,0.006883809,0.002291461,0.002198097,0.001618277,0.000000927,0,0
DGT,0.01496994,0.000922107,0.000516749,0.000428409,0.00041763,0.00000354,0.000000103,0
DGZ,0.01496994,0.003120878,0.001765317,0.00158018,0.000927154,0.00000947,0.000000144,0
DHS,0.01496994,0.001043895,0.000929389,0.000581281,0.000543128,0.0000108,1.56E-08,0
DIA,0.01496994,0.000677668,0.00044166,0.000415629,0.000413959,0.00000181,0.00000035,0
DIG,0.01496994,0.00366142,0.003408426,0.003228336,0.002380711,0.00000821,0,0
DIM,0.01496994,0.001235838,0.001218509,0.00105377,0.00084372,0.00000586,0.00000438,0
DJCI,0.01496994,0.001878316,0.001600256,0.001376902,0.001176736,0.00000606,0,0
DJP,0.01496994,0.000942581,0.000537127,0.000236738,0.000223997,0.00000294,0,0
DLN,0.01496994,0.000443933,0.000331356,0.000308027,0.000292424,0.00000078,0.000000254,0
DLS,0.01496994,0.001737623,0.001239525,0.001179784,0.001162444,0.0000011,0,0
DNL,0.01496994,0.001543099,0.001064449,0.000974206,0.000884573,0.0000568,0,0
DNO,0.01496994,0.000990542,0.000568387,0.000503797,0.000479709,0.0000434,0,0
DOD,0.01496994,0.00288765,0.002436023,0.002338362,0.002230321,0.0000945,0,0
DOG,0.01496994,0.000500806,0.000337676,0.000328777,0.000327453,0.00000023,0.000000117,0
DOL,0.01496994,0.000693618,0.000614854,0.00055061,0.000512103,0.00000105,0,0
DON,0.01496994,0.000992261,0.000722734,0.000698852,0.000466432,0.000000271,0,0
DOO,0.01496994,0.002597312,0.001918802,0.001533445,0.00132961,0.0000103,0,0
DPK,0.01496994,0.01496994,0.008022086,0.003718903,0.003161484,0.00000516,0,0
DRN,0.01496994,0.01496994,0.008258995,0.004011417,0.002545276,0.00000356,0,0
DRR,0.01496994,0.01496994,0.010636647,0.009139965,0.008975494,0.0000191,0,0
DRV,0.01496994,0.010710675,0.004531418,0.004401091,0.003872466,0.0000133,0.00000105,0
DRW,0.01496994,0.003028837,0.0028428,0.002666716,0.00233296,0.0000127,0,0
DSI,0.01496994,0.000649575,0.000598051,0.000382474,0.000332427,0.00000219,0,0
DTD,0.01496994,0.00055536,0.000387532,0.000354102,0.000259542,0.000000398,0,0
DTH,0.01496994,0.001355392,0.001112736,0.000957547,0.000942802,0.00000776,0.000000485,0
DTN,0.01496994,0.000886736,0.000859498,0.000627259,0.000577554,0.0000023,0,0
DTO,0.01496994,0.005315361,0.003656318,0.00342964,0.002234581,0,0,0
ECH,0.01496994,0.009645482,0.008912761,0.006557441,0.005707679,0.0000633,0,0
EDC,0.01496994,0.008418976,0.00316101,0.003076406,0.002922902,0.000000286,0,0
EDV,0.01496994,0.001886403,0.001016541,0.000911954,0.000908171,0.00000979,0,0
EDZ,0.01496994,0.01496994,0.008769262,0.005319277,0.004327258,0.0000741,0.00000882,0
EEB,0.01496994,0.001724152,0.001674324,0.001450376,0.001201808,0.0000847,0,0
EEM,0.01496994,0.000397907,0.000346128,0.000309552,0.000306973,0.00000654,5.87E-08,0
EES,0.01496994,0.00149704,0.001245709,0.001191797,0.000864301,0.000104137,0.00000107,0
EET,0.01496994,0.003455707,0.002452893,0.001324266,0.001232818,0.0000124,0,0
EEV,0.01496994,0.006542633,0.001916541,0.001851581,0.001682339,0.0000339,0,0
EFA,0.01496994,0.000865363,0.000628631,0.00038499,0.000367959,0,0,0
EFG,0.01496994,0.001586895,0.001125793,0.000589978,0.000517136,0.000001,0,0
EFO,0.01496994,0.01496994,0.014001995,0.009761866,0.005474989,0.0000356,0,0
EFU,0.01496994,0.006293812,0.002924995,0.00129696,0.001194259,0.000000353,0,0
EFV,0.01496994,0.00078935,0.000787162,0.000747668,0.000675851,0,0,0
EFZ,0.01496994,0.000713176,0.000596248,0.000373973,0.000300427,4.62E-08,0,0
EGPT,0.01496994,0.01496994,0.01496994,0.01496994,0.01496994,0.0000666,0,0
EIDO,0.01496994,0.01496994,0.01496994,0.01496994,0.01496994,0.00000182,0,0
EIRL,0.01496994,0.006350819,0.005292944,0.005131312,0.004909177,0.0000344,0,0
EIS,0.01496994,0.010498228,0.009691236,0.007281591,0.007118907,0.000122532,0.00000117,0
EMB,0.01496994,0.004538793,0.004214447,0.001741965,0.001721879,0.00000569,0,0
EMIF,0.01496994,0.003940447,0.003081887,0.002473075,0.002041904,0.0000484,0,0
EMLC,0.01496994,0.003919271,0.002826204,0.001973162,0.001369499,0.0000215,0,0
ENY,0.01496994,0.01496994,0.008632558,0.004532199,0.004087982,0.0000377,0,0
EPI,0.01496994,0.002155599,0.001477888,0.001209822,0.001191685,0.00000013,0,0
EPOL,0.01496994,0.01496994,0.01496994,0.009457117,0.008137906,0.0000275,0.000000393,0
EPP,0.01496994,0.006206897,0.005704927,0.003199018,0.003116644,0.0000139,0.00000177,0
EPS,0.01496994,0.000845701,0.00069737,0.000564256,0.00036779,0.00000914,0.000000331,3.34E-08
EPU,0.01496994,0.01496994,0.013808102,0.011071253,0.008736771,0.000118889,0,0
EPV,0.01496994,0.014068674,0.004444326,0.004053885,0.002727606,0,0,0
EQL,0.01496994,0.000415831,0.000391089,0.000249703,0.00023639,0.000000765,0,0
ERX,0.01496994,0.008934156,0.008502413,0.006724184,0.006360054,0.000000349,0,0
ERY,0.01496994,0.01496994,0.009308812,0.008970184,0.007996535,0.0000512,0,0
FAB,0.01496994,0.000941626,0.000839618,0.00059353,0.000513291,0.00000602,0,0
FAD,0.01496994,0.001016581,0.000974663,0.000774662,0.000744569,0.0000255,0.000000136,0
FAN,0.01496994,0.011877332,0.008865949,0.005506686,0.005032256,0.0000586,0.0000018,0
FAS,0.01496994,0.005166705,0.003902783,0.003016588,0.002834743,0.0000202,1.85E-08,0
FAZ,0.01496994,0.01496994,0.007565867,0.00727458,0.006604417,0.00000889,0.000000288,0
FBT,0.01496994,0.009880344,0.009855418,0.008513972,0.006604383,0.000136137,0.0000186,0.000000196
FCG,0.01496994,0.002127907,0.00191414,0.001512754,0.000959556,0.0000775,0,0
FDD,0.01496994,0.003281616,0.002832281,0.002388304,0.00235457,0.0000169,0.000000542,0
FDL,0.01496994,0.001133585,0.001120201,0.001086229,0.000676542,0.000000698,0,0
FDM,0.01496994,0.001717994,0.001442717,0.001362833,0.001329939,0.00000512,0.000000189,0
FDN,0.01496994,0.003446242,0.002986397,0.002965599,0.002393067,0.0000209,0,0
FEU,0.01496994,0.001225391,0.000738202,0.000718916,0.000611553,0.000000985,0,0
FEX,0.01496994,0.000430179,0.000270378,0.000199646,0.000180317,0.00000142,1.72E-09,0
FEZ,0.01496994,0.002647003,0.002637345,0.002331343,0.001930926,0.0000275,0,0
FFR,0.01496994,0.003041051,0.002154614,0.001605195,0.000888281,0.0000146,0,0
FGD,0.01496994,0.001474395,0.001355698,0.00120128,0.001187608,0.00000323,0,0
FIW,0.01496994,0.002414099,0.001443187,0.001409177,0.001055086,0.0000297,0,0
FLM,0.01496994,0.00211651,0.001936817,0.00187596,0.001754108,0.0000143,0,0
FNI,0.01496994,0.004193359,0.001411873,0.001266979,0.000977847,0.00000924,0.000000575,0
FNX,0.01496994,0.000791213,0.000725691,0.000683075,0.000679734,0.0000509,0.00000193,0
GAF,0.01496994,0.014313541,0.008998118,0.007493133,0.006118671,0.0000197,0,0
GASL,0.01496994,0.01496994,0.01496994,0.01496994,0.01496994,0.000145568,0,0
GAZ,0.01496994,0.01496994,0.01496994,0.01496994,0.01496994,0.0000306,0,0
GBF,0.01496994,0.000307742,0.00018654,0.000152015,0.000140448,0.00000282,2.39E-08,0
GCC,0.01496994,0.000868098,0.000790173,0.000584343,0.000448976,0.00000731,0,0
GCE,0.01496994,0.009842093,0.007053258,0.006175244,0.004836617,0.0000317,0,0
GDX,0.01496994,0.013760444,0.011132902,0.006891267,0.005311133,0.00000347,0,0
GDXJ,0.01496994,0.007898807,0.007156075,0.006816273,0.005957281,0.0000454,6.99E-08,0
GEX,0.01496994,0.004965211,0.003653975,0.003058874,0.002795402,0.00000244,0.000000376,0
GII,0.01496994,0.005730147,0.004033217,0.003923447,0.003535579,0.0000511,0,0
GLD,0.01496994,0.002748283,0.001449414,0.001038828,0.001007394,0.00002,0.00000111,0
GLL,0.01496994,0.010355948,0.005540019,0.004426322,0.004267788,0.0000479,7.95E-08,0
GMF,0.01496994,0.002058429,0.001549873,0.001069235,0.000872273,0.0000191,0.00000128,0
GML,0.01496994,0.001531864,0.001055304,0.000990694,0.000947197,0.000019,0.000000397,0
GMM,0.01496994,0.004256411,0.001543326,0.001167192,0.000443618,0.000000336,7.45E-09,0
GRES,0.01496994,0.003147583,0.002339337,0.001766567,0.00117579,0.00000111,0,0
GRI,0.01496994,0.00459645,0.002449784,0.002045838,0.001625643,0.000000406,0,0
GRID,0.01496994,0.005659133,0.005115088,0.003557908,0.00347063,0.00000178,0,0
GRN,0.01496994,0.003333895,0.003275561,0.00305525,0.002798085,0.000000211,0,0
GRU,0.01496994,0.004906407,0.003298029,0.00277939,0.001964476,0.000163298,0.0000335,0
GSC,0.01496994,0.002594344,0.002316273,0.002057636,0.001800726,0.00000983,0,0
GSG,0.01496994,0.001825966,0.001527673,0.001090486,0.000677918,0.000013,0,0
GSP,0.01496994,0.000536773,0.00050988,0.000497753,0.000490654,0.0000103,4.28E-09,0
GULF,0.01496994,0.011775659,0.00682775,0.006125369,0.006050893,0.000131475,0.0000231,0
GUR,0.01496994,0.008350272,0.005452859,0.003282096,0.003053814,0.00000235,0,0
GVI,0.01496994,0.000184126,0.000136438,0.000135668,0.0001119,0.000000476,2.21E-08,0
GWL,0.01496994,0.000717712,0.000625759,0.000369952,0.000358914,0.000000128,0,0
GWX,0.01496994,0.001610769,0.001475005,0.001405332,0.001139917,0.00000765,0.0000023,0.000000327
GXC,0.01496994,0.003809607,0.00101987,0.00081257,0.000795697,0.00000728,0,0
GXF,0.01496994,0.00308658,0.002932584,0.00271593,0.002638821,0.000023,0.000000551,0
GXG,0.01496994,0.01496994,0.007102938,0.006185543,0.00459786,0.00000155,0,0
HAO,0.01496994,0.012982479,0.005756731,0.004772998,0.003305111,0.00000106,0,0
HAP,0.01496994,0.001556339,0.001199964,0.001148011,0.000875207,0.00000185,0,0
HEDJ,0.01496994,0.013526309,0.004610548,0.003864211,0.00381018,0.0000489,1.07E-08,0
HGI,0.01496994,0.001723479,0.000994514,0.000684214,0.00065894,0.0000169,0.00000125,0
HYG,0.01496994,0.004686725,0.003406286,0.002980058,0.002650266,0.000000128,0,0
IAI,0.01496994,0.003175296,0.002932914,0.002838617,0.002264142,0.00000114,0,0
IAK,0.01496994,0.004362352,0.003936823,0.003828648,0.002332448,0.0000172,0.00000104,0
IAT,0.01496994,0.003810192,0.003269591,0.001830089,0.001438999,0.0000146,0.00000012,0
IAU,0.01496994,0.002848599,0.00166956,0.001029172,0.000963389,0.0000182,0.000000694,0
IBB,0.01496994,0.003558348,0.002124755,0.001696089,0.001249638,0.00000946,0,0
IBND,0.01496994,0.00176866,0.001747704,0.001668648,0.001500002,0.0000169,0,0
ICF,0.01496994,0.001095403,0.000602295,0.000561727,0.000452748,0.0000399,0,0
ICLN,0.01496994,0.006323189,0.004961569,0.004677754,0.004055034,0.000236867,0.0000146,0.000000172
IDHQ,0.01496994,0.00279701,0.002582037,0.002347376,0.001918456,0.0000125,0,0
IDU,0.01496994,0.00470448,0.003028736,0.002392665,0.002165263,0.000146043,0.0000105,0
IDV,0.01496994,0.002168688,0.001615186,0.000960411,0.000812573,0.00000586,0.000000142,0
IDX,0.01496994,0.01496994,0.01496994,0.01496994,0.01496994,0.00000106,0,0
IEF,0.01496994,0.000263791,0.000239284,0.000232114,0.000220323,0.0000064,0.000000193,0.000000111
IEI,0.01496994,0.000221116,0.000212644,0.000126531,0.000124596,0.0000091,0.00000014,0
IEO,0.01496994,0.002234242,0.002087787,0.0017223,0.001411648,0.000000547,0,0
IEV,0.01496994,0.000980506,0.000902761,0.000837906,0.000511278,0.00000579,0,0
IEZ,0.01496994,0.003848039,0.003720981,0.003699395,0.003204952,0.0000486,0.0000151,0.00000237
IFEU,0.01496994,0.008180046,0.006830937,0.00526581,0.005113922,0.0000521,0.00000171,0
IFGL,0.01496994,0.010124809,0.009599202,0.003774386,0.003719627,0.0000154,0,0
IGE,0.01496994,0.000704178,0.000680787,0.000575462,0.00056387,0.00000229,5.94E-08,0
IGF,0.01496994,0.002400147,0.001753333,0.00132062,0.001067711,0.000000602,0,0
IGM,0.01496994,0.000341442,0.000295427,0.000262461,0.000251802,0.00000386,9.99E-08,0
IGN,0.01496994,0.004496818,0.003413895,0.002879773,0.002819961,0.0000264,0,0
IGOV,0.01496994,0.003980293,0.001703974,0.001088901,0.001045213,0.0000165,0,0
IGV,0.01496994,0.008155828,0.002439597,0.002353255,0.002209169,0.00000467,0,0
IHE,0.01496994,0.002396192,0.002058217,0.001467546,0.001354353,0.0000189,0.000000495,0
IHF,0.01496994,0.012031876,0.009274382,0.006786831,0.005329923,0.0000022,0,0
IHI,0.01496994,0.002727511,0.002402127,0.00233448,0.002008219,0.0000489,0,0
IJH,0.01496994,0.00064043,0.000511062,0.000463218,0.000303196,0.00000701,2.84E-08,0
IJJ,0.01496994,0.000957638,0.000595978,0.000389313,0.000376124,0.0000447,0,0
IJK,0.01496994,0.000894926,0.000861514,0.000639667,0.000506657,0.000000434,0,0
IJR,0.01496994,0.000394467,0.000252904,0.000192704,0.000177072,0.000003,2.93E-08,0
IJS,0.01496994,0.000357439,0.000327417,0.000287567,0.000258016,0.00000414,0,0
IJT,0.01496994,0.000514493,0.000490698,0.000445845,0.00041499,0.000000331,0,0
ILF,0.01496994,0.002445412,0.001626085,0.001302839,0.001288893,0.00000315,0,0
ILTB,0.01496994,0.001711714,0.000735895,0.000708015,0.000670789,0.0000149,0,0
INDL,0.01496994,0.004085531,0.003216791,0.002805788,0.00242885,0.0000376,0,0
INDY,0.01496994,0.002596374,0.002431776,0.001323522,0.00130831,0.00000425,0,0
INP,0.01496994,0.003002226,0.001694287,0.001410893,0.001181202,0.0000151,0.00000201,0
IOO,0.01496994,0.000529155,0.000513907,0.000388811,0.000357637,0.00000233,0,0
IPD,0.01496994,0.002625371,0.00257509,0.002528461,0.002385553,0.0000134,0.00000161,0
IPE,0.01496994,0.001847312,0.001337356,0.000956622,0.000815759,0.000000262,0,0
IPF,0.01496994,0.01496994,0.01496994,0.009900699,0.007480513,0.00000515,0,0
IPK,0.01496994,0.003518219,0.002947521,0.002798338,0.00239544,0.0000444,0.000000162,0
IPN,0.01496994,0.004894034,0.00227819,0.001747171,0.001672804,0.000411973,0.00000345,0.000000206
IPS,0.01496994,0.002117582,0.001404673,0.001337942,0.00130799,0.00000778,0,0
IPU,0.01496994,0.003788646,0.00374768,0.003326436,0.003152467,0.00000728,0,0
IPW,0.01496994,0.003347025,0.003189903,0.002786081,0.002539867,0.0000294,0,0
IRV,0.01496994,0.005124313,0.003258659,0.002835534,0.002487407,0.0000065,0,0
IRY,0.01496994,0.011232946,0.004935194,0.004649276,0.004085778,0.0000101,2.66E-08,0
JJA,0.01496994,0.001111689,0.00100544,0.00094163,0.000797692,7.27E-08,0,0
JJC,0.01496994,0.005165328,0.004927762,0.004631806,0.004167823,0.0000172,0,0
JJE,0.01496994,0.011364348,0.005055088,0.003303115,0.003000603,0.0000332,0,0
JJG,0.01496994,0.00415963,0.002565416,0.002203798,0.001945265,0.0000484,0,0
JJM,0.01496994,0.003639101,0.003163508,0.002194433,0.002186412,0.0000466,0.000000051,0
JJN,0.01496994,0.01496994,0.01496994,0.01496994,0.01496994,0.0000452,0.0000159,0
JJP,0.01496994,0.001669732,0.001652082,0.001294852,0.001293761,0.00000776,0.000000046,0
JJU,0.01496994,0.011672777,0.010139171,0.007672115,0.007399435,0.000188034,0,0
JKD,0.01496994,0.000405215,0.000375646,0.000294919,0.000289569,0.00000168,0,0
JKE,0.01496994,0.000424096,0.000414684,0.000400326,0.000391202,0.00000891,0,0
JKF,0.01496994,0.001160189,0.000977589,0.000799845,0.000649971,0.000000215,0,0
JKG,0.01496994,0.00149275,0.000830666,0.000798633,0.000730477,0.0000193,0.000000465,0
JKH,0.01496994,0.001018918,0.000952696,0.000872232,0.000657929,0.0000186,0.00000627,0.00000269
JKI,0.01496994,0.000765389,0.000512132,0.000438042,0.000404918,0.00000814,0,0
JKJ,0.01496994,0.000683657,0.000668584,0.000385181,0.000252619,0.00000631,0,0
JKK,0.01496994,0.002242611,0.001151146,0.000861983,0.000683384,0.000000712,0,0
JKL,0.01496994,0.000912587,0.000714618,0.00068765,0.000640762,0.000000532,0,0
JNK,0.01496994,0.003273132,0.002323559,0.002081752,0.001774372,0.0000118,0,0
JO,0.01496994,0.01496994,0.01496994,0.01496994,0.01496994,0.000128275,0,0
JXI,0.01496994,0.004106147,0.001951257,0.001318461,0.001279825,0.00000428,0,0
KBE,0.01496994,0.005031983,0.002386238,0.001428435,0.001428068,0.00000265,0,0
KCE,0.01496994,0.001793664,0.001781246,0.001432704,0.001269455,0.0000263,4.61E-09,0
KIE,0.01496994,0.00230406,0.002254233,0.002132464,0.001827514,0.0000896,0.000000702,0
KOL,0.01496994,0.010097885,0.008079599,0.005499683,0.005279689,0.0000678,0,0
KRE,0.01496994,0.002747369,0.002596792,0.002571983,0.001891591,0.0000148,0,0
KROO,0.01496994,0.01496994,0.01496994,0.012367531,0.009462539,0,0,0
KRU,0.01496994,0.01496994,0.013313667,0.013021657,0.009140843,0.0000912,0.0000111,0
KWT,0.01496994,0.006218433,0.005589109,0.005564086,0.005086928,0.00000517,0,0
KXI,0.01496994,0.002079364,0.001236368,0.001063933,0.001012907,0.000000917,0,0
LBJ,0.01496994,0.01496994,0.013787603,0.010424191,0.010292243,0,0,0
LIT,0.01496994,0.009388945,0.009167751,0.006705766,0.005942894,0.00000289,0,0
LQD,0.01496994,0.002086496,0.000656517,0.00065246,0.000592047,0.00000207,0,0
LTPZ,0.01496994,0.004888997,0.00480665,0.003843474,0.003613829,0.0000132,0,0
LVL,0.01496994,0.006173301,0.001768336,0.001652856,0.001487922,0.00000795,0.000000826,0
LWC,0.01496994,0.002414287,0.001191284,0.000970049,0.000798116,0.00000418,2.88E-08,0
MBB,0.01496994,0.00082088,0.00059902,0.000305599,0.000246988,0.000000538,0,0
MBG,0.01496994,0.001979956,0.000761103,0.000517725,0.000414937,0.000000701,0,0
MCRO,0.01496994,0.001870468,0.000662713,0.00049204,0.000464691,0.000000103,0,0
MDY,0.01496994,0.0007509,0.000605044,0.000484817,0.000347918,0.0000126,0,0
MDYG,0.01496994,0.001089105,0.001065103,0.000718607,0.000528683,0.000000331,0,0
MDYV,0.01496994,0.002851726,0.001648269,0.001491278,0.001480997,0.0000137,0.000000181,0
MGC,0.01496994,0.000442299,0.000208451,0.000206716,0.00017292,0,0,0
MGK,0.01496994,0.000362337,0.000345926,0.000311177,0.000273769,0.00000048,0,0
MGV,0.01496994,0.000536881,0.000445673,0.000380823,0.000350714,0.00000424,0,0
MIDU,0.01496994,0.01496994,0.01496994,0.012662392,0.009829999,0.00000604,0,0
MIDZ,0.01496994,0.008228517,0.005382923,0.003502682,0.003094169,0.0000257,0.00000243,0
MLN,0.01496994,0.003368234,0.003347092,0.003064208,0.003063133,0.00000284,0,0
MLPG,0.01496994,0.012039601,0.008329171,0.007604619,0.005833677,0.00000925,8.13E-08,0
MLPI,0.01496994,0.008248589,0.005944336,0.005243557,0.005233788,0.00000397,0,0
MNA,0.01496994,0.003287482,0.00179975,0.001574925,0.001352362,0.000000132,0,0
MOO,0.01496994,0.002782795,0.0026411,0.002409447,0.002398189,0.000158906,0.00000245,0
MTK,0.01496994,0.000982211,0.000838657,0.000826004,0.000825759,0.00000889,0.00000148,0
MUB,0.01496994,0.002617584,0.002471285,0.002135055,0.001683297,0.000000914,0,0
MUNI,0.01496994,0.000496554,0.0003077,0.000303811,0.000263254,0.000000155,0,0
MVV,0.01496994,0.002750668,0.002750505,0.002615538,0.001258737,0.0000755,0,0
MXI,0.01496994,0.001816208,0.001491546,0.001282264,0.001146183,0.0000168,0.00000215,0
MYY,0.01496994,0.000862958,0.000712643,0.000644769,0.000359107,7.04E-08,0,0
MZZ,0.01496994,0.006073614,0.00248181,0.002160124,0.001467813,0.000000323,0,0
NFO,0.01496994,0.001190057,0.000952588,0.000607214,0.000565363,0.00000181,0,0
NIB,0.01496994,0.01496994,0.01496994,0.01496994,0.01496994,0.0000106,0,0
NLR,0.01496994,0.01496994,0.01496994,0.011847523,0.008907409,0.0000709,0.00000656,0
NYF,0.01496994,0.001725382,0.001544901,0.001355558,0.001228776,0.0000129,0,0
OEF,0.01496994,0.000472067,0.000327353,0.000264049,0.000251981,0.00000911,0,0
OIL,0.01496994,0.000529838,0.000474424,0.000434787,0.000416269,0.0000242,0,0
OLO,0.01496994,0.002933623,0.002870116,0.002467193,0.00117847,0.000012,0.000000865,0
ONEQ,0.01496994,0.00040951,0.00034059,0.000242904,0.000242022,0.000000849,0,0
PAF,0.01496994,0.004959089,0.002872402,0.002462603,0.00183938,0.000038,0,0
PAGG,0.01496994,0.006735703,0.006181524,0.003911321,0.003360784,0.0000349,0,0
PALL,0.01496994,0.01496994,0.01496994,0.01496994,0.01496994,0.0000573,0.000000234,0
PBD,0.01496994,0.005925652,0.002618297,0.002042738,0.00174447,0.0000688,0.000035,0
PBE,0.01496994,0.003206225,0.002181081,0.002095974,0.002039584,0.0000922,0.00000339,0
PBJ,0.01496994,0.001542631,0.001032393,0.0009881,0.00096753,0.0000389,0,0
PBS,0.01496994,0.004051245,0.003706053,0.003473291,0.0031111,0.000000688,0,0
PBW,0.01496994,0.00416911,0.002370285,0.001590579,0.00144785,0.00000293,0,0
PCEF,0.01496994,0.005094161,0.002401136,0.001548557,0.001090395,0.0000467,0,0
PCY,0.01496994,0.007861469,0.003346311,0.00318501,0.001396789,0.00000268,0,0
PDN,0.01496994,0.006300143,0.002970675,0.00242053,0.002273304,0.00000685,0,0
PDP,0.01496994,0.002017007,0.001143384,0.000957668,0.000841928,0.0000314,0.00000288,0.000000633
PEJ,0.01496994,0.002625625,0.001590626,0.001556773,0.001470423,0.000011,0,0
PEZ,0.01496994,0.00156433,0.001526339,0.0014934,0.001344696,0.0000574,0.00000256,0
PFF,0.01496994,0.002089248,0.001606194,0.001342482,0.001039213,0.00000141,0,0
PFI,0.01496994,0.003630397,0.0016169,0.001103028,0.000942512,0.00000761,0.000000208,0
PFM,0.01496994,0.000389726,0.000370796,0.000292831,0.000236311,0.000000759,0,0
PGF,0.01496994,0.004653649,0.003113949,0.001725814,0.001540505,0.0000163,0,0
PGJ,0.01496994,0.01496994,0.003129994,0.002988428,0.002586498,0.000110919,0.00000105,0
PGM,0.01496994,0.012012596,0.009060256,0.008505588,0.008243673,0.000139953,0,0
PHO,0.01496994,0.001473858,0.001122041,0.001102336,0.001058516,0.0000171,0,0
PICB,0.01496994,0.00944126,0.002503886,0.002108034,0.001941719,0,0,0
PID,0.01496994,0.002488892,0.001953703,0.000733055,0.000731022,0.00000811,0,0
PIE,0.01496994,0.011697337,0.007847018,0.007329527,0.003213073,0.000125885,0,0
PIN,0.01496994,0.004634098,0.001357735,0.001018567,0.000693344,0.00000362,0,0
PIO,0.01496994,0.001852292,0.001581974,0.001093782,0.001059137,0.0000189,0.00000362,0
PIZ,0.01496994,0.004522263,0.001618329,0.001123849,0.001013322,0.00000171,0,0
PJP,0.01496994,0.003285578,0.003082167,0.002429814,0.002320149,0.0000232,0.0000039,0
PKB,0.01496994,0.007607394,0.006456641,0.006015201,0.005688964,0.0000502,0,0
PKW,0.01496994,0.000755354,0.000613333,0.000530775,0.000519659,0.0000681,0.000000552,0
PLND,0.01496994,0.01496994,0.01496994,0.011322885,0.010717752,0.0000499,0.000000362,0
PLW,0.01496994,0.000350611,0.000220793,0.000178763,0.000135205,0.000000168,0,0
PMR,0.01496994,0.005802591,0.005463337,0.005029554,0.004478129,0.00000163,0,0
PNQI,0.01496994,0.005199884,0.005038671,0.004648481,0.003503733,0.0000635,0,0
PPA,0.01496994,0.002219983,0.002119118,0.002015925,0.001350345,0.000013,0,0
PPLT,0.01496994,0.012738272,0.010592842,0.005871557,0.005435657,0.0000283,0,0
PRF,0.01496994,0.000392816,0.00035987,0.0000933,0.000083,0.000000668,0,0
PRFZ,0.01496994,0.000488488,0.000278586,0.000227685,0.000191263,0.00000681,0,0
PSAU,0.01496994,0.014895627,0.008837492,0.008337988,0.004711613,0.0000156,0,0
PSCC,0.01496994,0.004691742,0.002877393,0.002650258,0.002301813,0.0000157,0,0
PSCD,0.01496994,0.003290041,0.002046882,0.001789079,0.001658664,0.000022,0,0
PSCE,0.01496994,0.004619894,0.004270037,0.003857462,0.003837968,0.00000975,0,0
PSCF,0.01496994,0.00158688,0.001555722,0.001256602,0.001127224,0.0000054,0,0
PSCH,0.01496994,0.005044217,0.00217839,0.002089345,0.001990681,0.0000383,0.00000105,0
PSCI,0.01496994,0.002498249,0.001560056,0.00122186,0.00100285,0.0000133,0,0
PSCM,0.01496994,0.008813609,0.008277244,0.00631804,0.005846782,0.0000119,0,0
PSCT,0.01496994,0.001350537,0.001159559,0.001051104,0.000848248,0.0000173,0,0
PSCU,0.01496994,0.007210393,0.003257587,0.002910767,0.002735254,0.00000292,0,0
PSI,0.01496994,0.005189296,0.004125887,0.003093817,0.002817007,0.000036,0,0
PSJ,0.01496994,0.003770518,0.002371417,0.002168113,0.001985336,0.0000128,0,0
PSK,0.01496994,0.002505064,0.002083379,0.001807983,0.001739285,0.0000337,0,0
PSL,0.01496994,0.005278043,0.00132449,0.000945108,0.000765929,0.0000494,2.54E-08,0
PSP,0.01496994,0.004968656,0.004701841,0.004632991,0.003165922,0.0000432,0,0
PSQ,0.01496994,0.000665899,0.000582002,0.000489237,0.00045506,0.0000257,0,0
PSR,0.01496994,0.003711513,0.001511043,0.000807848,0.000670809,0.00000574,0,0
PST,0.01496994,0.001007475,0.000945887,0.000914884,0.000869557,0.0000196,5.33E-09,0
QABA,0.01496994,0.004682538,0.003005196,0.002594506,0.002333438,0.0000155,0.00000007,0
QAI,0.01496994,0.000406005,0.000377436,0.000377184,0.000309213,0.00000042,6.96E-08,0
QCLN,0.01496994,0.005796383,0.004709374,0.003783431,0.003151781,0.00000785,0,0
QID,0.01496994,0.002426777,0.002187718,0.002174456,0.00215781,0.000107289,0.0000023,0
QLD,0.01496994,0.002016433,0.001995386,0.001851612,0.001618837,0.0000226,0,0
QQEW,0.01496994,0.000534558,0.000531189,0.000464388,0.000320209,0.00000312,0,0
QQQ,0.01496994,0.000594385,0.000578416,0.000406735,0.00035452,0.0000105,0,0
QQQC,0.01496994,0.01098917,0.01073565,0.008377911,0.007566601,0.0000809,0.0000447,0
QQXT,0.01496994,0.001684851,0.000633878,0.000577319,0.000556133,0.0000021,0,0
QTEC,0.01496994,0.001892542,0.000900205,0.000800407,0.000705302,0.0000249,0,0
RBL,0.01496994,0.006512047,0.006335308,0.005578693,0.004161131,0.0000148,0.000000171,0
RCD,0.01496994,0.01355032,0.009526482,0.006661487,0.001775875,0.00000171,0,0
REK,0.01496994,0.000523218,0.000472701,0.000468258,0.000396472,0.0000025,0,0
REM,0.01496994,0.007765668,0.0063161,0.00420791,0.004067781,0.00000803,0,0
RETL,0.01496994,0.01496994,0.01496994,0.01496994,0.01496994,0.000162742,0,0
REW,0.01496994,0.006621537,0.003689009,0.003216009,0.003079623,0.0000267,0,0
REZ,0.01496994,0.00161368,0.001275866,0.001250829,0.000915354,0.0000168,0.000000349,0
RFG,0.01496994,0.002746724,0.001637969,0.001403453,0.001110734,0.00000935,0,0
RFV,0.01496994,0.003479966,0.001909863,0.001754881,0.001489798,0.0000103,0,0
RGI,0.01496994,0.001360446,0.001055764,0.001043598,0.000894313,0.00000111,0,0
RHS,0.01496994,0.002011585,0.001289009,0.001169568,0.001159666,0.00000636,0,0
RJA,0.01496994,0.000848303,0.000648795,0.00058206,0.0004688,0.00000507,0,0
RJI,0.01496994,0.000414262,0.000266546,0.000264073,0.000234517,0.00000196,0,0
RJZ,0.01496994,0.001778875,0.001324672,0.001214392,0.000976807,0.0000025,0,0
ROM,0.01496994,0.005238417,0.003291918,0.002551854,0.002510917,0.00000644,0,0
RPG,0.01496994,0.001225424,0.001120199,0.00099702,0.000923402,0.00000341,0,0
RPV,0.01496994,0.002083327,0.002030208,0.001848651,0.001216606,0.00000697,0,0
RSP,0.01496994,0.000197042,0.000183922,0.000168909,0.000148012,0.00000543,0.000000195,0
RSX,0.01496994,0.010132837,0.006703062,0.005581576,0.005464709,0.0000365,0,0
RTM,0.01496994,0.002166299,0.002014631,0.001578987,0.001324351,0.0000101,0,0
RWJ,0.01496994,0.000692486,0.000344422,0.00033719,0.000316058,0.00000798,0.00000263,0.00000119
RWK,0.01496994,0.001288315,0.001049582,0.000992984,0.000695991,0.0000152,0,0
RWL,0.01496994,0.000452204,0.00026117,0.000227561,0.000219986,0.00000163,0,0
RWM,0.01496994,0.001017371,0.000250857,0.000244722,0.000243052,0.000000612,0,0
RWO,0.01496994,0.003741392,0.003275111,0.001140345,0.00106314,0.00000111,0,0
RWR,0.01496994,0.001227522,0.001042731,0.000362884,0.000242282,0.0000026,0,0
RWW,0.01496994,0.005782731,0.003382554,0.003265495,0.002854457,0.0000231,0.000000182,0
RWX,0.01496994,0.006624538,0.005558567,0.004376031,0.004352136,0.00000111,0.000000295,0
RXD,0.01496994,0.009084367,0.008986187,0.006683821,0.00657984,0.0000395,0.000000982,0
RXI,0.01496994,0.001588996,0.000857644,0.000610192,0.000577399,0.0000115,0,0
RXL,0.01496994,0.005611957,0.005492115,0.004304941,0.004130474,0.0000239,0.00000017,0
RYE,0.01496994,0.002709433,0.002321771,0.002287602,0.001794654,0.00000299,0,0
RYF,0.01496994,0.00331408,0.002810747,0.002447144,0.001352436,0.0000245,0,0
RYH,0.01496994,0.001791028,0.001267321,0.001144512,0.001137047,0.0000131,0,0
RYJ,0.01496994,0.00086172,0.000667791,0.000642002,0.000569787,0.000000501,0,0
RYT,0.01496994,0.002258947,0.001631752,0.001459241,0.001031422,0,0,0
RYU,0.01496994,0.003354995,0.003098611,0.002729565,0.001573908,0.00000445,0,0
RZG,0.01496994,0.001754255,0.001478727,0.000984932,0.000855504,0.00000584,0.000000501,0
RZV,0.01496994,0.002338831,0.002283452,0.002112356,0.001596271,0.0000265,0,0
SAA,0.01496994,0.002724532,0.001802294,0.00098724,0.000855795,0.0000442,0.000000221,0
SBB,0.01496994,0.000951222,0.00043219,0.000368069,0.000273209,0.00000104,0,0
SCHA,0.01496994,0.000168679,0.000158332,0.00012028,0.0000902,0.0000142,0,0
SCHB,0.01496994,0.000185405,0.0000862,0.0000852,0.0000791,0.0000115,0,0
SCHC,0.01496994,0.00445689,0.002970958,0.00111173,0.000832876,0.00000512,0,0
SCHE,0.01496994,0.00131656,0.001032107,0.000411011,0.000366097,0.00000245,0,0
SCHF,0.01496994,0.001679191,0.00074085,0.000480852,0.000439591,0.00000428,0,0
SCHG,0.01496994,0.000295572,0.000200664,0.000195637,0.000188563,0.00000227,0.00000104,0
SCHV,0.01496994,0.000187995,0.000186249,0.000161416,0.000156139,0.00000146,0,0
SCHX,0.01496994,0.000202206,0.000137238,0.000119437,0.000105403,0.0000115,0,0
SCIN,0.01496994,0.01496994,0.007176079,0.005761966,0.005236881,0.0000631,0,0
SCJ,0.01496994,0.007800722,0.005949433,0.005613749,0.00554169,0.0000394,0,0
SCO,0.01496994,0.002011481,0.001956832,0.001460072,0.001325852,0.00000734,0.00000112,0
SCZ,0.01496994,0.00282912,0.0022215,0.00120709,0.000937247,0.0000108,0.000000225,0
SDD,0.01496994,0.004488622,0.003132102,0.002070492,0.001615956,0.000014,0,0
SDOW,0.01496994,0.004787416,0.003924926,0.003259514,0.003174121,0.00000292,0,0
SDP,0.01496994,0.01496994,0.014068688,0.008866679,0.008745578,0.000117766,0,0
SDS,0.01496994,0.002671785,0.000998371,0.000963911,0.000875902,0.00000394,0,0
SDY,0.01496994,0.00092582,0.000912154,0.000584206,0.000571772,0.000000399,0,0
SEA,0.01496994,0.01496994,0.01496994,0.006790682,0.005132907,0.0000069,0,0
SEF,0.01496994,0.003433252,0.000682136,0.000474091,0.000368147,0.00000251,0.00000018,0
SGG,0.01496994,0.01496994,0.01496994,0.01496994,0.01496994,0.00000346,0,0
SGOL,0.01496994,0.002942053,0.001513792,0.001094807,0.001033224,0.0000241,0.00000299,0
SH,0.01496994,0.00038919,0.00027976,0.000195796,0.000155094,0.000000336,0,0
SIJ,0.01496994,0.010584752,0.007703877,0.006863584,0.004553034,0.0000364,0.000000249,0
SIL,0.01496994,0.006566616,0.006329183,0.005834135,0.00564984,0.0000168,0,0
SIVR,0.01496994,0.002097811,0.001635981,0.000543873,0.000358418,0.00000268,0,0
SKF,0.01496994,0.01496994,0.002394854,0.002142191,0.001894294,0.00000026,0,0
SLV,0.01496994,0.002277558,0.002027262,0.000489716,0.000375793,0.00000337,0,0
SLX,0.01496994,0.012973513,0.009781006,0.008580735,0.004730375,0.00000514,0,0
SLY,0.01496994,0.000959795,0.000798382,0.000589524,0.000497558,0.0000102,3.13E-08,0
SLYG,0.01496994,0.001868072,0.001563584,0.000705542,0.000695705,0.00000269,0,0
SLYV,0.01496994,0.000730125,0.000695222,0.000649722,0.00062091,0.0000139,0.00000215,0
SMDD,0.01496994,0.01496994,0.006142483,0.005019763,0.003691219,0.000000974,0,0
SMMU,0.01496994,0.000186414,0.000168224,0.0000796,0.0000629,0.000000532,0,0
SMN,0.01496994,0.01496994,0.009842984,0.006896341,0.005133707,0.0000171,0,0
SOXL,0.01496994,0.01496994,0.01496994,0.01496994,0.01496994,0.000155657,0.0000012,0.000000456
TAN,0.01496994,0.010239905,0.007043772,0.005571018,0.004468228,0.00000252,0,0
TAO,0.01496994,0.01496994,0.011786338,0.009540697,0.007776578,0.0000138,0,0
TBF,0.01496994,0.000383184,0.000370436,0.000248859,0.000244791,0.000000957,1.86E-08,0
TBT,0.01496994,0.001642176,0.001443298,0.000895556,0.000875844,0.00000372,0.000000746,0
TECL,0.01496994,0.006809014,0.006790647,0.004980374,0.00387691,0.000107694,0.00000107,0
TECS,0.01496994,0.010199265,0.00685785,0.00662578,0.005350107,0.0000176,0,0
THD,0.01496994,0.01496994,0.01496994,0.009453825,0.008982084,0.0000383,0,0
TIP,0.01496994,0.001664602,0.001248135,0.001184011,0.000734708,4.91E-08,0,0
TIPZ,0.01496994,0.001996964,0.001483079,0.000903179,0.000806557,0.00000117,0,0
TLH,0.01496994,0.000436643,0.000378298,0.000315687,0.000271804,0.00000161,0,0
TLO,0.01496994,0.000317521,0.000224104,0.000223559,0.000205779,0.000000254,0,0
TLT,0.01496994,0.000319951,0.000211401,0.000203538,0.000201429,0.00000095,0,0
TMF,0.01496994,0.002769546,0.002298267,0.001598301,0.00157437,0.000016,0,0
TMV,0.01496994,0.00349389,0.003353398,0.00262594,0.002298821,0.0000084,0,0
TNA,0.01496994,0.007748626,0.003105323,0.002998448,0.002895222,0.0000247,0.00000472,0.00000309
TOK,0.01496994,0.00143511,0.001405747,0.001305723,0.001019766,0.0000336,0,0
TQQQ,0.01496994,0.005739316,0.004585019,0.003511424,0.003428028,0.0000241,0,0
TUR,0.01496994,0.01496994,0.01496994,0.01496994,0.01496994,0.00000258,0,0
TWM,0.01496994,0.007801553,0.001553662,0.001400284,0.001015906,0.00000228,0,0
TYD,0.01496994,0.002897465,0.002740786,0.002197374,0.002104075,0.00000667,0,0
TYO,0.01496994,0.002362217,0.002102723,0.001746079,0.001732555,0.0000982,0,0
TZA,0.01496994,0.01496994,0.00483933,0.004071306,0.003494953,0.00000486,0,0
UBR,0.01496994,0.007709394,0.00764657,0.007609642,0.007578423,0.000152804,0,0
UBT,0.01496994,0.002118776,0.001165548,0.000846183,0.000825822,0.00000462,0,0
UCC,0.01496994,0.011015628,0.008151312,0.007394827,0.004924386,0.000141645,0,0
UCI,0.01496994,0.001562412,0.000875752,0.00062627,0.000594221,0.00000463,0,0
UCO,0.01496994,0.001775661,0.001730772,0.001612224,0.001485706,0.00000886,0.000000142,0
UDN,0.01496994,0.00308233,0.001323241,0.001099921,0.001041609,0.00000492,0,0
UDOW,0.01496994,0.005185428,0.004223469,0.003173294,0.002938317,0.00000134,0,0
UGA,0.01496994,0.013258649,0.012318201,0.011709692,0.011262306,0.0000838,0.000000519,0
UGE,0.01496994,0.010464524,0.007526385,0.00578075,0.005376148,0.0000783,0.0000232,0
UGL,0.01496994,0.011595486,0.006007975,0.003873275,0.003837627,0.0000866,0.0000199,0
UHN,0.01496994,0.006071966,0.005150025,0.004386413,0.004359742,0.0000713,0.000000783,0
ULE,0.01496994,0.014964977,0.010415776,0.00860346,0.00819356,0.00000817,0,0
UMDD,0.01496994,0.006647885,0.005202793,0.004240551,0.003291447,0.00000527,0.000000336,0
UNG,0.01496994,0.01496994,0.01496994,0.01496994,0.01496994,0.0000585,0,0
UNL,0.01496994,0.01496994,0.01496994,0.01496994,0.0080269,0.000165471,0.00000064,0
UPRO,0.01496994,0.002401195,0.001167575,0.001098593,0.000805374,0.000000502,0,0
UPV,0.01496994,0.008631121,0.008000923,0.006157141,0.004554854,0.0000322,0,0
UPW,0.01496994,0.01496994,0.013175654,0.012067673,0.008023631,0,0,0
URE,0.01496994,0.005215486,0.002958261,0.002514518,0.002079522,0.00000157,0,0
URTY,0.01496994,0.00893617,0.003262653,0.003093221,0.002343041,0.00000284,0,0
USD,0.01496994,0.011790975,0.008637459,0.007288921,0.00649373,0.0000629,0,0
USL,0.01496994,0.000949969,0.000677506,0.000671962,0.000436492,0.0000148,0,0
USO,0.01496994,0.000380157,0.000377832,0.000280741,0.000250906,0.00000145,0.000000176,0
UST,0.01496994,0.001232479,0.001148708,0.001004817,0.000999643,0.000000532,0,0
UUP,0.01496994,0.002433396,0.001156401,0.001093116,0.001006184,0.00000829,0.00000198,0
UWM,0.01496994,0.001569814,0.001170861,0.001020919,0.000885001,0.00000522,0.00000105,0
UXI,0.01496994,0.003951859,0.003900653,0.003778452,0.002690736,0.00000506,0,0
UYG,0.01496994,0.001585891,0.001513146,0.001182273,0.000729106,0.00000375,0.00000012,0
UYM,0.01496994,0.007942998,0.005608314,0.003780847,0.003316978,0.0000992,0.00002,0.000000254
VAW,0.01496994,0.00248365,0.001841884,0.001024703,0.000907407,0.0000263,0.00000164,0
VB,0.01496994,0.000758799,0.000680111,0.000602979,0.000301612,0.0000287,0,0
VBK,0.01496994,0.00041908,0.000331947,0.000178311,0.000175319,0.00000193,0,0
VBR,0.01496994,0.001189774,0.001090836,0.000979332,0.000853749,0.000000451,0,0
VCIT,0.01496994,0.001320972,0.000948146,0.000533869,0.000351395,0.00000566,0.000000226,0
VCLT,0.01496994,0.002607894,0.00150324,0.001104136,0.000740848,0.00000182,0,0
VCR,0.01496994,0.001764382,0.001680845,0.001139779,0.000778978,0.0000122,0,0
VDC,0.01496994,0.001924701,0.00141236,0.001219868,0.001103887,0.0000128,0,0
VDE,0.01496994,0.000954502,0.000896518,0.0008308,0.000785,0.000000242,0,0
VEA,0.01496994,0.002658421,0.000425577,0.000379266,0.000319315,0.00000881,0.000000427,0
VEU,0.01496994,0.001279812,0.000276018,0.000244116,0.000237005,0.000000679,0.000000296,0
VFH,0.01496994,0.000800807,0.000681294,0.000365692,0.000321534,0.00000889,0,0
VGIT,0.01496994,0.000412602,0.000254495,0.000158386,0.000141274,0.00000237,0,0
VGK,0.01496994,0.002703487,0.00130169,0.001097861,0.00092651,0.0000112,0,0
VGLT,0.01496994,0.000550731,0.00043989,0.000144586,0.000102564,0.00000175,0,0
VGT,0.01496994,0.000901169,0.000631029,0.000472163,0.000360146,0.00000442,0.000000349,0
VHT,0.01496994,0.001225472,0.001165186,0.00106736,0.000962371,0.0000148,0,0
VIG,0.01496994,0.000519249,0.000358951,0.000280305,0.000265002,0.00000307,9.82E-08,0
VIS,0.01496994,0.001121254,0.000992975,0.000891042,0.000851816,0.000039,0.000000114,0
VMBS,0.01496994,0.000545132,0.000516648,0.000191218,0.00017962,0.00000438,0,0
VNM,0.01496994,0.01496994,0.01496994,0.01496994,0.01496994,0.000021,0,0
VNQ,0.01496994,0.001369949,0.000497697,0.000384418,0.000336943,0.00000402,0.000000186,0
VO,0.01496994,0.001030886,0.000624654,0.000263326,0.000240659,0.0000118,0.00000285,0
VOE,0.01496994,0.001539586,0.00086842,0.000747029,0.000480088,0.00000266,0,0
VOT,0.01496994,0.000716738,0.00068439,0.0005632,0.000383107,0.00000484,0,0
VOX,0.01496994,0.006944333,0.005205079,0.004941761,0.003407438,0.0000959,0,0
VPL,0.01496994,0.004707969,0.00383273,0.002935458,0.002193871,0.0000104,0,0
VPU,0.01496994,0.005266845,0.003543211,0.002134059,0.002098299,0.0000648,0,0
VSS,0.01496994,0.002386734,0.001086256,0.001054168,0.000972851,0.0000581,0.000000666,0
VT,0.01496994,0.000907837,0.000236293,0.000160006,0.00015241,0.00000623,0,0
VTI,0.01496994,0.000196445,0.00012306,0.000102045,0.000100829,0.00000289,0,0
VTV,0.01496994,0.000491636,0.000457764,0.000287614,0.000274763,0.0000026,0.000000252,6.93E-08
VUG,0.01496994,0.000363488,0.000336508,0.00026605,0.000165125,0,0,0
VV,0.01496994,0.000357578,0.000177239,0.000139405,0.000121331,0.00000011,0,0
VWO,0.01496994,0.000365482,0.000338133,0.000311431,0.000231287,0.00000632,3.11E-09,0
VXF,0.01496994,0.000531613,0.000395105,0.00035283,0.000258456,0.000000185,0,0
VXX,0.01496994,0.01496994,0.01496994,0.01496994,0.01496994,0.0000189,0,0
VXZ,0.01496994,0.014565212,0.011066681,0.01037435,0.00968793,0.0000107,0,0
VYM,0.01496994,0.000749927,0.000474373,0.000354915,0.000346895,0.00000122,0.000000108,0
WIP,0.01496994,0.002076766,0.001926349,0.000648971,0.000567904,0.000000592,0,0
WMCR,0.01496994,0.00850689,0.001391446,0.001230841,0.001228656,0.00000099,0,0
WMW,0.01496994,0.004874305,0.004183851,0.002613878,0.002236823,0.00000851,0,0
WOOD,0.01496994,0.006089883,0.004182894,0.002929017,0.002586446,0.0000512,0,0
WPS,0.01496994,0.006815035,0.005105576,0.003166694,0.002455178,0.000053,0,0
WREI,0.01496994,0.001748275,0.001711688,0.001349155,0.001310896,0.000000521,0,0
XBI,0.01496994,0.011653537,0.003927041,0.003455383,0.002933525,0.00000553,0,0
XES,0.01496994,0.003035916,0.002732471,0.002674142,0.00245066,0.0000703,0.00000744,0
XHB,0.01496994,0.01496994,0.009628812,0.009571984,0.009436764,0.0000193,0,0
XLB,0.01496994,0.00300311,0.002918198,0.002107339,0.00142821,0.00000924,0,0
XLE,0.01496994,0.001645872,0.000964568,0.000831914,0.000745084,0.000000727,0,0
XLF,0.01496994,0.000862113,0.000692003,0.000645473,0.000555387,0.000000996,0,0
XLG,0.01496994,0.001145123,0.000455198,0.000387659,0.0003642,0.00000105,0,0
XLI,0.01496994,0.00134442,0.001154116,0.000990612,0.000948042,0.00000169,0,0
XLK,0.01496994,0.001253407,0.000963669,0.000601577,0.000580832,0.00000376,0,0
XLP,0.01496994,0.001898197,0.001849317,0.0012607,0.001162843,0.0000266,0,0
XLU,0.01496994,0.004451048,0.003179628,0.00268839,0.002578129,0,0,0
XLV,0.01496994,0.001448044,0.001128033,0.000977357,0.000932642,0.0000068,0,0
XLY,0.01496994,0.002467263,0.002408322,0.001133979,0.001100911,0.0000546,0.000000263,0
XME,0.01496994,0.006747504,0.006620522,0.006511704,0.005911115,0.0000585,0.00000556,0
XOP,0.01496994,0.004293043,0.003850156,0.003651568,0.002051385,0.00000559,0,0
XPH,0.01496994,0.004780586,0.00408386,0.003129163,0.002526208,0.0000845,0,0
XPP,0.01496994,0.01496994,0.01496994,0.013747678,0.006781241,0.0000102,0,0
XRT,0.01496994,0.005518317,0.003447241,0.003132578,0.002954672,0.0000319,0.00000113,0
XSD,0.01496994,0.005228055,0.003726776,0.003183921,0.003123692,0.0000239,0.000000357,0
YANG,0.01496994,0.01496994,0.01496994,0.010978377,0.009549916,0.0000306,0,0
YAO,0.01496994,0.002382297,0.002241881,0.001888339,0.001293158,0.00000757,4.04E-08,0
YCL,0.01496994,0.01496994,0.014874982,0.014488336,0.012702822,0.00000171,0,0
YCS,0.01496994,0.01496994,0.01496994,0.013532366,0.012794908,0.000003,0,0
YINN,0.01496994,0.01496994,0.006544054,0.006448386,0.005639622,0.00000126,0,0
YXI,0.01496994,0.007763642,0.004690008,0.003537424,0.003099741,0.0000204,0,0
ZROZ,0.01496994,0.001921541,0.001781705,0.001455071,0.001151999,0.0000151,0,0
ZSL,0.01496994,0.01496994,0.01496994,0.01496994,0.01496994,0,0,0
